Date,Name,Year,Letterboxd URI,Rating,Rewatch,Tags,Watched Date
2023-07-21,The Imitation Game,2014,https://boxd.it/4xZFbP,4.5,,,2023-07-17
2023-07-21,Shutter Island,2010,https://boxd.it/4xZrtl,4,,,2023-07-18
2023-08-01,The Fast and the Furious: Tokyo Drift,2006,https://boxd.it/4CLEcp,3.5,,,2023-07-18
2023-07-21,The Theory of Everything,2014,https://boxd.it/4xZF7N,4,,,2023-07-19
2023-09-20,The Lodge,2019,https://boxd.it/4RZmOX,3,,,2023-07-19
2023-07-21,Split,2016,https://boxd.it/4xZrhz,4.5,,,2023-07-20
2023-07-21,Oppenheimer,2023,https://boxd.it/4y9u8Z,5,,,2023-07-20
2023-07-21,[REC],2007,https://boxd.it/4xZsNL,4,,,2023-07-21
2023-07-21,Barbie,2023,https://boxd.it/4ydWaR,3.5,,,2023-07-21
2023-07-21,The Flash,2023,https://boxd.it/4ydWhj,2,,,2023-07-21
2023-07-21,The Menu,2022,https://boxd.it/4ydWw9,4,,,2023-07-21
2023-07-21,Bullet Train,2022,https://boxd.it/4ydWHh,3.5,,,2023-07-21
2023-07-21,Bodies Bodies Bodies,2022,https://boxd.it/4ydWRr,3,,,2023-07-21
2023-07-21,Hereditary,2018,https://boxd.it/4ydXsn,4.5,,,2023-07-21
2023-07-21,Blade Runner 2049,2017,https://boxd.it/4ydXzt,3,,,2023-07-21
2023-07-21,Get Out,2017,https://boxd.it/4ydXTN,3.5,,,2023-07-21
2023-07-21,Your Name.,2016,https://boxd.it/4ydZWp,3.5,,,2023-07-21
2023-07-21,Zodiac,2007,https://boxd.it/4ye4RT,5,,,2023-07-21
2023-07-21,Saw,2004,https://boxd.it/4ye5eX,5,,,2023-07-21
2023-07-21,Fight Club,1999,https://boxd.it/4ye5tD,4,Yes,,2023-07-21
2023-07-21,Titanic,1997,https://boxd.it/4ye5HP,4,,,2023-07-21
2023-07-21,Top Gun,1986,https://boxd.it/4ye60R,3.5,,,2023-07-21
2023-07-21,The Hunger Games,2012,https://boxd.it/4yeaNj,4,Yes,,2023-07-21
2023-07-21,The Hunger Games: Mockingjay – Part 1,2014,https://boxd.it/4yebwX,3,Yes,,2023-07-21
2023-07-21,The Hunger Games: Catching Fire,2013,https://boxd.it/4yebKF,4,Yes,,2023-07-21
2023-07-21,The Hunger Games: Mockingjay – Part 2,2015,https://boxd.it/4yebVN,3.5,Yes,,2023-07-21
2023-07-21,Midsommar,2019,https://boxd.it/4yeeMJ,3.5,,,2023-07-21
2023-07-21,Arrival,2016,https://boxd.it/4yefP5,5,,,2023-07-21
2023-07-21,Inside Out,2015,https://boxd.it/4yej51,3.5,,,2023-07-21
2023-07-21,It,2017,https://boxd.it/4yejNd,4,,,2023-07-21
2023-07-21,The Black Phone,2021,https://boxd.it/4yeqMh,3.5,,,2023-07-21
2023-07-22,The Thing,2011,https://boxd.it/4yoeP9,2.5,,,2023-07-21
2023-07-22,Happy Death Day,2017,https://boxd.it/4yotY1,3.5,,,2023-07-21
2023-07-22,Haunt,2019,https://boxd.it/4yoyg9,3,,,2023-07-21
2023-07-22,The Taking of Deborah Logan,2014,https://boxd.it/4yoz49,2,,,2023-07-21
2023-07-22,Paranormal Activity,2007,https://boxd.it/4yoBCn,2.5,,,2023-07-21
2023-07-22,Paranormal Activity 2,2010,https://boxd.it/4yoC5T,2.5,,,2023-07-21
2023-07-22,Paranormal Activity 3,2011,https://boxd.it/4yoCvd,2,,,2023-07-21
2023-07-22,Paranormal Activity 4,2012,https://boxd.it/4yoDhh,2,,,2023-07-21
2023-07-22,The Conjuring,2013,https://boxd.it/4yoIZD,3,,,2023-07-21
2023-07-22,The Night House,2020,https://boxd.it/4yoLm5,3.5,,,2023-07-21
2023-07-22,The Conjuring 2,2016,https://boxd.it/4yoLZV,3,,,2023-07-21
2023-07-22,Annabelle: Creation,2017,https://boxd.it/4yoM6x,3,,,2023-07-21
2023-07-22,Annabelle,2014,https://boxd.it/4yoMiN,1.5,,,2023-07-21
2023-07-22,Grave Encounters 2,2012,https://boxd.it/4yoOj9,2,,,2023-07-21
2023-07-22,It Chapter Two,2019,https://boxd.it/4yoQPB,3,,,2023-07-21
2023-07-22,Coherence,2013,https://boxd.it/4yoS0l,4,,,2023-07-21
2023-07-22,Haunted Hospital: Heilstatten,2018,https://boxd.it/4yoTph,1,,,2023-07-21
2023-07-22,World War Z,2013,https://boxd.it/4yoUPv,3.5,,,2023-07-21
2023-07-22,I Am Legend,2007,https://boxd.it/4yoVrf,4,,,2023-07-21
2023-07-22,Concussion,2015,https://boxd.it/4yoYpB,3,,,2023-07-21
2023-07-22,After Earth,2013,https://boxd.it/4yoYCF,0.5,,,2023-07-21
2023-07-22,The Good Nurse,2022,https://boxd.it/4yoZR7,2.5,,,2023-07-21
2023-07-22,The Babadook,2014,https://boxd.it/4yp1Yp,4,,,2023-07-21
2023-07-22,The Maze Runner,2014,https://boxd.it/4yp2sJ,4,,,2023-07-21
2023-07-22,Machine Gun Kelly's Life In Pink,2022,https://boxd.it/4yp4D5,3.5,,,2023-07-21
2023-07-22,Murder on the Orient Express,2017,https://boxd.it/4yp5Ej,3.5,,,2023-07-21
2023-07-22,Death on the Nile,2022,https://boxd.it/4ypbeh,2.5,,,2023-07-21
2023-07-22,A Quiet Place,2018,https://boxd.it/4ypbOp,4,,,2023-07-21
2023-07-22,A Quiet Place Part II,2020,https://boxd.it/4ypc5b,4,,,2023-07-21
2023-07-22,Bird Box,2018,https://boxd.it/4ypcxp,2.5,,,2023-07-21
2023-07-22,Nerve,2016,https://boxd.it/4ypdQd,3,,,2023-07-21
2023-07-22,Downfalls High,2021,https://boxd.it/4ypemD,3,,,2023-07-21
2023-07-22,Run,2020,https://boxd.it/4ypfHn,3,,,2023-07-21
2023-07-22,Forgotten,2017,https://boxd.it/4ypg9h,4,,,2023-07-21
2023-07-22,Fractured,2019,https://boxd.it/4ypgwZ,3.5,,,2023-07-21
2023-07-22,A Whisker Away,2020,https://boxd.it/4ypgYT,2.5,,,2023-07-21
2023-07-22,Hotarubi no Mori e,2011,https://boxd.it/4yphch,3,,,2023-07-21
2023-07-22,I Want to Eat Your Pancreas,2018,https://boxd.it/4ypjef,4.5,,,2023-07-21
2023-07-22,Train to Busan,2016,https://boxd.it/4ypjGD,4,,,2023-07-21
2023-07-22,The Call,2020,https://boxd.it/4ypkfj,2,,,2023-07-21
2023-07-22,Host,2020,https://boxd.it/4ypkEj,2.5,,,2023-07-21
2023-07-22,Hush,2016,https://boxd.it/4ypkXl,3,,,2023-07-21
2023-07-22,Sinister,2012,https://boxd.it/4yplln,3.5,,,2023-07-21
2023-07-22,Sinister 2,2015,https://boxd.it/4ypltV,3,,,2023-07-21
2023-07-22,Insidious,2010,https://boxd.it/4yplOJ,3,,,2023-07-21
2023-07-22,Insidious: Chapter 2,2013,https://boxd.it/4ypmg9,3,,,2023-07-21
2023-07-22,Insidious: Chapter 3,2015,https://boxd.it/4ypmox,3.5,,,2023-07-21
2023-07-22,Insidious: The Last Key,2018,https://boxd.it/4ypmvD,2.5,,,2023-07-21
2023-07-22,Lights Out,2016,https://boxd.it/4ypn1f,2.5,,,2023-07-21
2023-07-22,The Visit,2015,https://boxd.it/4ypnn1,3.5,,,2023-07-21
2023-07-22,Incantation,2022,https://boxd.it/4ypo87,4,,,2023-07-21
2023-07-22,The Ritual,2017,https://boxd.it/4yptBt,2.5,,,2023-07-21
2023-07-22,Unfriended,2014,https://boxd.it/4ypuut,1.5,,,2023-07-21
2023-07-22,Unfriended: Dark Web,2018,https://boxd.it/4ypuH3,3,,,2023-07-21
2023-07-22,Searching,2018,https://boxd.it/4ypv9V,3.5,,,2023-07-21
2023-07-22,Triangle,2009,https://boxd.it/4ypvLZ,4,,,2023-07-21
2023-07-22,Unrest,2006,https://boxd.it/4ypxYr,1.5,,,2023-07-21
2023-07-22,Stay,2005,https://boxd.it/4ypyi7,3.5,,,2023-07-21
2023-07-22,The Purge,2013,https://boxd.it/4ypyAZ,3,,,2023-07-21
2023-07-22,The Notebook,2004,https://boxd.it/4ypz4F,3.5,,,2023-07-21
2023-07-22,Meet Joe Black,1998,https://boxd.it/4ypzp9,4,,,2023-07-21
2023-07-22,If I Stay,2014,https://boxd.it/4ypB8J,3.5,,,2023-07-21
2023-07-22,Hustle,2022,https://boxd.it/4ypLUX,4,,,2023-07-21
2023-07-22,The Shallows,2016,https://boxd.it/4ywtmn,1.5,,,2023-07-21
2023-07-22,Extraction 2,2023,https://boxd.it/4ywIiF,2.5,,,2023-07-21
2023-07-22,Mission: Impossible – Ghost Protocol,2011,https://boxd.it/4ywWHf,3.5,,,2023-07-21
2023-07-22,Mission: Impossible,1996,https://boxd.it/4ywWQL,4,,,2023-07-21
2023-07-22,Mission: Impossible II,2000,https://boxd.it/4ywWZN,2,,,2023-07-21
2023-07-22,Mission: Impossible III,2006,https://boxd.it/4ywX7x,3,,,2023-07-21
2023-07-22,Mission: Impossible – Rogue Nation,2015,https://boxd.it/4ywXmH,3,,,2023-07-21
2023-07-22,Mission: Impossible – Fallout,2018,https://boxd.it/4ywXw3,3.5,,,2023-07-21
2023-07-23,The Cabin in the Woods,2011,https://boxd.it/4z1nrt,3,,,2023-07-22
2023-07-23,Fall,2022,https://boxd.it/4z1qcr,2,,,2023-07-22
2023-07-24,Missing,2023,https://boxd.it/4zy7YR,3,,,2023-07-23
2023-07-24,The Others,2001,https://boxd.it/4zBOUp,3,,,2023-07-23
2023-07-25,Saw II,2005,https://boxd.it/4zYnAD,3,,,2023-07-24
2023-07-27,Nope,2022,https://boxd.it/4AS8Sp,3,,,2023-07-25
2023-07-31,The Curse of La Llorona,2019,https://boxd.it/4Cl977,2.5,,,2023-07-25
2023-12-29,M3GAN,2022,https://boxd.it/5qCmS5,1.5,,,2023-07-28
2023-07-30,Inception,2010,https://boxd.it/4BXQ8J,4,,,2023-07-30
2023-07-31,Terrifier,2016,https://boxd.it/4C9X3v,2,,,2023-07-30
2023-07-31,Blair Witch,2016,https://boxd.it/4CohAx,2.5,,,2023-07-30
2023-10-01,Dungeons & Dragons: Honor Among Thieves,2023,https://boxd.it/4V7QzB,3.5,,,2023-07-30
2023-08-01,Saw IV,2007,https://boxd.it/4CA99n,2,,,2023-07-31
2023-08-01,Saw V,2008,https://boxd.it/4CG1Ql,2.5,,,2023-07-31
2023-08-01,Saw VI,2009,https://boxd.it/4CPg6P,2,,,2023-08-01
2023-08-02,Saw 3D,2010,https://boxd.it/4D42MR,2.5,,,2023-08-01
2023-08-02,Jigsaw,2017,https://boxd.it/4D7g3d,1.5,,,2023-08-01
2023-08-03,Spiral: From the Book of Saw,2021,https://boxd.it/4DkMjD,1.5,,,2023-08-02
2023-08-04,The Nun,2018,https://boxd.it/4DLKb7,1.5,,,2023-08-04
2023-08-06,Annabelle Comes Home,2019,https://boxd.it/4Ek1jl,2,,,2023-08-05
2023-08-07,The Conjuring: The Devil Made Me Do It,2021,https://boxd.it/4EB5qf,2.5,,,2023-08-05
2023-08-07,Evil Dead,2013,https://boxd.it/4ER2At,1.5,,,2023-08-06
2023-08-18,Paranormal Activity: Tokyo Night,2010,https://boxd.it/4I9OYV,1.5,,,2023-08-16
2023-08-20,Happy Death Day 2U,2019,https://boxd.it/4J1TZ3,3.5,,,2023-08-20
2023-08-26,Talk to Me,2022,https://boxd.it/4KKCJL,3.5,,,2023-08-25
2023-08-28,The Shining,1980,https://boxd.it/4LtnhR,5,,,2023-08-27
2023-09-04,Cargo,2017,https://boxd.it/4NvXwP,3,,,2023-09-03
2023-09-08,Pan's Labyrinth,2006,https://boxd.it/4OH7mr,4.5,,,2023-09-07
2023-09-10,The Black Demon,2023,https://boxd.it/4P75O1,2,,,2023-09-09
2023-09-11,Drive,2011,https://boxd.it/4PpQqr,4,,,2023-09-10
2023-09-17,Don't Breathe,2016,https://boxd.it/4R4AJD,3.5,,,2023-09-16
2023-09-19,Pearl,2022,https://boxd.it/4RVOtF,4,,,2023-09-19
2023-09-24,The Social Network,2010,https://boxd.it/4T4MD1,4,,,2023-09-23
2023-09-24,Hostel,2005,https://boxd.it/4T4N0T,3,,,2023-09-23
2023-09-25,Hostel: Part II,2007,https://boxd.it/4TnIVX,3.5,,,2023-09-24
2023-09-26,No One Gets Out Alive,2021,https://boxd.it/4TLHml,1.5,,,2023-09-25
2023-09-26,Annihilation,2018,https://boxd.it/4TSV7X,4,,,2023-09-26
2023-09-28,Evil Dead Rise,2023,https://boxd.it/4UfLXZ,1.5,,,2023-09-27
2023-09-29,Saw X,2023,https://boxd.it/4Uxxq9,3.5,,,2023-09-28
2023-10-01,The Invitation,2015,https://boxd.it/4VaPyj,1.5,,,2023-09-30
2023-10-01,Parasite,2019,https://boxd.it/4VdPjJ,5,,,2023-09-30
2023-10-02,Harry Potter and the Chamber of Secrets,2002,https://boxd.it/4VwukJ,4,Yes,,2023-09-30
2023-10-02,Harry Potter and the Philosopher's Stone,2001,https://boxd.it/4VwuBF,3,Yes,,2023-09-30
2023-10-02,The Empty Man,2020,https://boxd.it/4VriXz,3,,,2023-10-01
2023-10-02,V/H/S,2012,https://boxd.it/4VIxc3,1,,,2023-10-02
2023-10-04,Slender Man,2018,https://boxd.it/4WottD,1,Yes,,2023-10-03
2023-10-06,Scream,1996,https://boxd.it/4WNmlR,3.5,,,2023-10-04
2023-10-09,Zombieland,2009,https://boxd.it/4XQwwF,3.5,,,2023-10-05
2023-10-08,Halloween,1978,https://boxd.it/4XpS7X,4,,,2023-10-06
2023-10-09,Zombieland: Double Tap,2019,https://boxd.it/4XSNJl,2.5,,,2023-10-07
2023-10-09,Halloween II,1981,https://boxd.it/4XZPfL,3,,,2023-10-08
2023-10-10,A Nightmare on Elm Street,1984,https://boxd.it/4YeQpR,3.5,,,2023-10-09
2023-10-11,Oculus,2013,https://boxd.it/4YsMOB,3,,,2023-10-10
2023-10-12,No One Will Save You,2023,https://boxd.it/4YPWNp,3,,,2023-10-11
2023-10-14,Scream 2,1997,https://boxd.it/4ZFZ4h,3,,,2023-10-12
2023-10-14,Friday the 13th,1980,https://boxd.it/4ZFZkp,3,,,2023-10-13
2023-10-16,The Boogeyman,2023,https://boxd.it/50mI9Z,3,,,2023-10-14
2023-10-16,Frozen,2010,https://boxd.it/50ocJF,2,,,2023-10-15
2023-10-18,It Follows,2014,https://boxd.it/50NQvX,3.5,,,2023-10-16
2023-10-19,Winnie the Pooh: Blood and Honey,2023,https://boxd.it/51bIF9,0.5,,,2023-10-17
2023-10-21,X,2022,https://boxd.it/51FJNj,2.5,,,2023-10-18
2023-10-21,Alien,1979,https://boxd.it/51FKSJ,4,Yes,,2023-10-19
2023-10-23,Dogtooth,2009,https://boxd.it/52nWn7,4,,,2023-10-20
2023-10-23,Life,2017,https://boxd.it/52BVE5,3,,,2023-10-21
2023-10-23,Climax,2018,https://boxd.it/52stA7,4,,,2023-10-22
2023-10-24,Lamb,2021,https://boxd.it/52PJTF,3,,,2023-10-23
2023-10-26,Mara,2018,https://boxd.it/53jhCV,1.5,,,2023-10-24
2023-10-28,Creep,2014,https://boxd.it/54crJd,3,,,2023-10-25
2023-10-29,[REC]²,2009,https://boxd.it/54z6jz,2.5,,,2023-10-26
2023-10-28,mother!,2017,https://boxd.it/54crkx,3.5,,,2023-10-27
2023-10-29,Killer Book Club,2023,https://boxd.it/54z6ST,0.5,,,2023-10-28
2023-11-01,Psycho,1960,https://boxd.it/55EMEX,4.5,,,2023-10-29
2023-11-01,The Blair Witch Project,1999,https://boxd.it/55EN8X,3.5,,,2023-10-30
2023-11-01,Hostel: Part III,2011,https://boxd.it/55J94r,2,,,2023-10-31
2023-11-05,Glass,2019,https://boxd.it/576GUb,3,,,2023-11-04
2023-11-07,Unbreakable,2000,https://boxd.it/57Ack3,3.5,,,2023-11-05
2024-06-02,Malignant,2021,https://boxd.it/6ASDkT,1.5,,l,2023-11-12
2023-11-15,Fight Club,1999,https://boxd.it/5a2okj,4.5,Yes,,2023-11-13
2023-11-16,The Hunger Games: The Ballad of Songbirds & Snakes,2023,https://boxd.it/5atsbf,3.5,,,2023-11-15
2023-11-27,Gone Girl,2014,https://boxd.it/5efd4r,4.5,,,2023-11-27
2023-12-12,The Lobster,2015,https://boxd.it/5jnjC1,3.5,,"nathalia, lia seb",2023-12-11
2023-12-13,The Hunt,2012,https://boxd.it/5jyOwZ,5,,l,2023-12-12
2023-12-14,Dogville,2003,https://boxd.it/5k5Neh,5,,"nathalia, lia seb",2023-12-13
2023-12-15,10 Things I Hate About You,1999,https://boxd.it/5kodzB,3.5,Yes,"nathalia, lia seb",2023-12-14
2023-12-16,A Silent Voice: The Movie,2016,https://boxd.it/5kFoRv,3.5,,"painloko, fontesam",2023-12-15
2023-12-17,Green Room,2015,https://boxd.it/5l8hcN,2.5,,l,2023-12-16
2023-12-18,The Autopsy of Jane Doe,2016,https://boxd.it/5lrSyf,1.5,,ospinos,2023-12-17
2023-12-19,"As Above, So Below",2014,https://boxd.it/5lSdtR,1.5,,ospinos,2023-12-18
2023-12-22,Whiplash,2014,https://boxd.it/5n5aAb,5,,gui,2023-12-22
2023-12-26,Inglourious Basterds,2009,https://boxd.it/5oQcTn,4.5,,pinguas,2023-12-23
2023-12-26,Home Alone,1990,https://boxd.it/5oYEkV,4,Yes,ospinos,2023-12-25
2023-12-26,Just Another Christmas,2020,https://boxd.it/5oYdFn,3,,"nathalia, lia seb",2023-12-26
2023-12-27,Back to the Future,1985,https://boxd.it/5ptuCd,3.5,Yes,ospinos,2023-12-26
2023-12-29,Saltburn,2023,https://boxd.it/5qCoDh,3.5,,nathalia,2023-12-27
2023-12-29,Oppenheimer,2023,https://boxd.it/5qx40z,5,Yes,ospinos,2023-12-28
2023-12-29,The Hunger Games,2012,https://boxd.it/5qKhyl,4,Yes,"nathalia, lia seb",2023-12-29
2023-12-30,Percy Jackson & the Olympians: The Lightning Thief,2010,https://boxd.it/5r0fuN,2,,l,2023-12-29
2024-01-01,Good Boy,2022,https://boxd.it/5shx7P,1,,l,2023-12-31
2024-01-01,Transformers,2007,https://boxd.it/5smrG5,2,,ospinos,2023-12-31
2024-01-02,Rush Hour,1998,https://boxd.it/5sGQMH,3.5,,ospinos,2024-01-02
2024-01-02,Gran Turismo,2023,https://boxd.it/5t15zD,3,,ospinos,2024-01-03
2024-01-04,Mamma Mia!,2008,https://boxd.it/5unpyN,4,,nathalia,2024-01-04
2024-01-08,A Vampire in the Family,2023,https://boxd.it/5wVMx5,2.5,,l,2024-01-07
2024-01-08,Aquaman,2018,https://boxd.it/5x40Tl,1.5,Yes,ospinos,2024-01-07
2024-01-08,Pulp Fiction,1994,https://boxd.it/5xgajr,5,,pinguas,2024-01-08
2024-01-09,Thanksgiving,2023,https://boxd.it/5xP2HZ,3,,"gui, pinguas, tori",2024-01-09
2024-01-09,Grown Ups,2010,https://boxd.it/5xPIBT,2,Yes,"tori, gui, pinguas",2024-01-09
2024-01-11,Pi,1998,https://boxd.it/5yPMxl,5,,l,2024-01-10
2024-01-11,The Prestige,2006,https://boxd.it/5yVo7v,5,,l,2024-01-11
2024-01-12,Society of the Snow,2023,https://boxd.it/5zn6zH,4,,,2024-01-12
2024-01-13,Cobweb,2023,https://boxd.it/5zV6TP,3,,"furrico, nathalia",2024-01-13
2024-01-14,Insomnia,2002,https://boxd.it/5Ar7vN,3,,"ray, pinguas",2024-01-13
2024-09-13,A Man Called Otto,2022,https://boxd.it/7jvBqz,3.5,,l,2024-01-13
2024-01-14,Se7en,1995,https://boxd.it/5Ayc6x,4.5,,"gui, pinguas",2024-01-14
2024-01-15,The Northman,2022,https://boxd.it/5Bb6xl,3,,"furrico, nathalia, lia seb",2024-01-15
2024-01-16,Aquaman and the Lost Kingdom,2023,https://boxd.it/5BuDY3,1,,"l, cine",2024-01-15
2024-01-17,All Too Well: The Short Film,2021,https://boxd.it/5Cbq7V,3.5,,l,2024-01-17
2024-01-17,Folklore: The Long Pond Studio Sessions,2020,https://boxd.it/5CbwkL,4,,l,2024-01-17
2024-01-20,Fear Street: 1994,2021,https://boxd.it/5DCjKz,1.5,,l,2024-01-19
2024-01-20,Fear Street: 1978,2021,https://boxd.it/5DCkFb,3,,l,2024-01-20
2024-01-20,Get Out,2017,https://boxd.it/5DCzmj,4,Yes,l,2024-01-20
2024-01-22,Dogville,2003,https://boxd.it/5EPeJV,5,Yes,l,2024-01-22
2024-01-27,Anatomy of a Fall,2023,https://boxd.it/5GSCR9,5,,"l, cine",2024-01-26
2024-01-28,Catch Me If You Can,2002,https://boxd.it/5HyX2v,4.5,,lia 💍,2024-01-27
2024-01-29,Psycho,1960,https://boxd.it/5I8YKZ,4.5,Yes,l,2024-01-28
2024-01-30,(500) Days of Summer,2009,https://boxd.it/5IPtFv,4.5,,l,2024-01-30
2024-01-31,Fear Street: 1666,2021,https://boxd.it/5IYh4Z,2,,l,2024-01-30
2024-01-31,Kill Bill: Vol. 1,2003,https://boxd.it/5JfHIF,4.5,,l,2024-01-31
2024-02-01,Kill Bill: Vol. 2,2004,https://boxd.it/5Jp7lZ,4,,l,2024-01-31
2024-02-01,Countdown,2019,https://boxd.it/5Jsgir,0.5,,,2024-01-31
2024-02-01,The Thing,1982,https://boxd.it/5JuXMN,5,,"pinguas, ray",2024-01-31
2024-02-02,The Wolf of Wall Street,2013,https://boxd.it/5JRXIx,4,,l,2024-02-01
2024-02-02,Past Lives,2023,https://boxd.it/5K4T9J,4.5,,l,2024-02-02
2024-02-02,The Evil Dead,1981,https://boxd.it/5K5nux,3,,l,2024-02-02
2024-02-03,Separation,2021,https://boxd.it/5KaiNf,0.5,,l,2024-02-02
2024-02-03,Poor Things,2023,https://boxd.it/5KhLKX,4,,"l, cine",2024-02-02
2024-02-04,Everything Everywhere All at Once,2022,https://boxd.it/5L2dqt,3.5,,pinguas,2024-02-04
2024-02-05,Taxi Driver,1976,https://boxd.it/5LcW01,4,,l,2024-02-04
2024-02-06,Once Upon a Time... in Hollywood,2019,https://boxd.it/5LOqZ3,4,,l,2024-02-05
2024-02-07,The Purge: Anarchy,2014,https://boxd.it/5M8TCn,2.5,,l,2024-02-06
2024-02-08,The Purge: Election Year,2016,https://boxd.it/5MzKHR,2.5,,,2024-02-07
2024-02-08,The First Purge,2018,https://boxd.it/5MOo3v,1.5,,l,2024-02-08
2024-02-09,The Forever Purge,2021,https://boxd.it/5MU803,1.5,,l,2024-02-08
2024-02-09,Another Round,2020,https://boxd.it/5MZ7Hl,4,,l,2024-02-08
2024-02-09,Ocean's Eleven,2001,https://boxd.it/5N8P0N,4,,ospinos,2024-02-08
2024-05-26,It Lives Inside,2023,https://boxd.it/6xNmtR,1.5,,,2024-02-08
2024-02-10,Django Unchained,2012,https://boxd.it/5NpUMV,5,,ospinos,2024-02-09
2024-02-11,The Prestige,2006,https://boxd.it/5O2RvF,5,Yes,ospinos,2024-02-10
2024-02-13,A Quiet Place,2018,https://boxd.it/5OWZe5,3.5,Yes,ospinos,2024-02-12
2024-02-13,A Quiet Place Part II,2020,https://boxd.it/5OXub7,3,Yes,ospinos,2024-02-12
2024-02-26,La La Land,2016,https://boxd.it/5V7R8z,4,,l,2024-02-14
2024-02-15,Coherence,2013,https://boxd.it/5PYiXf,4,Yes,ospinos,2024-02-24
2024-05-19,The Beekeeper,2024,https://boxd.it/6v14jF,2.5,,ospinos,2024-05-18
2024-05-20,About Time,2013,https://boxd.it/6vuBIr,3.5,,ospinos,2024-05-19
2024-05-21,La La Land,2016,https://boxd.it/6vJU3H,4,Yes,l,2024-05-20
2024-05-22,Eternal Sunshine of the Spotless Mind,2004,https://boxd.it/6w9D3R,3.5,,l,2024-05-21
2024-05-22,Requiem for a Dream,2000,https://boxd.it/6wnvMH,4.5,,"gui, pinguas, tori, marquin",2024-05-21
2024-05-23,Punch-Drunk Love,2002,https://boxd.it/6wIyNF,4,,"lia 💍, joulker",2024-05-22
2024-05-23,Enemy,2013,https://boxd.it/6wLMg7,4,,l,2024-05-22
2024-05-25,Primer,2004,https://boxd.it/6xlV13,4,,l,2024-05-24
2024-05-26,The Fall Guy,2024,https://boxd.it/6xN2ZD,3.5,,"marquin, pinguas, tori",2024-05-25
2024-05-26,When Evil Lurks,2023,https://boxd.it/6xSLub,4,,"fefelios, pinguas, gui, tori, mael, marquin",2024-05-25
2024-05-27,The Nice Guys,2016,https://boxd.it/6yysbX,4,,"joulker, lia 💍",2024-05-26
2024-05-28,Her,2013,https://boxd.it/6yHkOZ,3,,l,2024-05-27
2024-05-28,Primer,2004,https://boxd.it/6yVrUj,4.5,Yes,l,2024-05-27
2024-05-28,[REC],2007,https://boxd.it/6yYYrb,4,Yes,"pinguas, gui, tori, marquin, mael",2024-05-27
2024-05-29,[REC]³ Genesis,2012,https://boxd.it/6z8ToV,2,,l,2024-05-28
2024-05-29,[REC]⁴ Apocalypse,2014,https://boxd.it/6zhb4v,1,,l,2024-05-28
2024-05-29,Oldboy,2003,https://boxd.it/6zoiuT,4.5,,"pinguas, gui, marquin, tori",2024-05-28
2024-05-30,"Crazy, Stupid, Love.",2011,https://boxd.it/6zCbw7,4.5,,l,2024-05-29
2024-05-31,Prisoners,2013,https://boxd.it/6zZBxB,4,,l,2024-05-30
2024-06-01,I Choose to Believe,2023,https://boxd.it/6AjbdP,4,,l,2024-05-31
2024-06-01,Captains of the World,2023,https://boxd.it/6AroTl,3.5,,l,2024-05-31
2024-06-01,The Silence of the Lambs,1991,https://boxd.it/6AwFVN,4,,"gui, pinguas, tori",2024-05-31
2024-06-02,No One Will Save You,2023,https://boxd.it/6AY40h,3,Yes,"julio, malu",2024-06-01
2024-06-06,Totally Killer,2023,https://boxd.it/6Cu4An,3,,"marquin, pinguas, tori",2024-06-05
2024-06-05,The Grand Budapest Hotel,2014,https://boxd.it/6Cd9hB,3.5,,pinguas,2024-06-11
2024-06-26,Orphan,2009,https://boxd.it/6KzllL,2.5,,l,2024-06-18
2024-06-30,The Butterfly Effect,2004,https://boxd.it/6M4dbp,4,,"leto, lia seb, kauan, lia 💍",2024-06-30
2024-07-01,Hell House LLC,2015,https://boxd.it/6MyU1R,1,,"tori, lia 💍, nathalia",2024-07-01
2024-07-02,A Tale of Two Sisters,2003,https://boxd.it/6MXALl,4,,"lia seb, nathalia, pinguas, tori",2024-07-02
2024-07-03,V/H/S,2012,https://boxd.it/6N7wVh,3,Yes,"pinguas, tori, lia seb",2024-07-02
2024-07-03,The Uninvited,2009,https://boxd.it/6N86Xt,1,,l,2024-07-02
2024-07-04,It Comes at Night,2017,https://boxd.it/6NDKmT,1.5,,l,2024-07-03
2024-07-04,The Sixth Sense,1999,https://boxd.it/6NMrSJ,3,,"lia seb, lia 💍, pinguas, nathalia",2024-07-04
2024-07-06,Timecrimes,2007,https://boxd.it/6Oothh,4,,l,2024-07-05
2024-07-06,The Happening,2008,https://boxd.it/6OvqQn,1.5,,l,2024-07-05
2024-07-06,Hamilton,2020,https://boxd.it/6OAqjD,4.5,,"nathalia, pinguas",2024-07-05
2024-07-07,Signs,2002,https://boxd.it/6OMuaT,2.5,,l,2024-07-06
2024-07-07,Knock at the Cabin,2023,https://boxd.it/6P3EXv,2,Yes,"nathalia, tori",2024-07-07
2024-07-08,The Gift,2015,https://boxd.it/6PzmEp,3,,"nathalia, pinguas, tori",2024-07-08
2024-07-10,Late Night with the Devil,2023,https://boxd.it/6QpKgb,3,,"cine, julio, malu",2024-07-09
2024-07-11,Blue Valentine,2010,https://boxd.it/6QF3oD,3.5,,l,2024-07-10
2024-07-11,A Short Film About Killing,1988,https://boxd.it/6QIsiV,4.5,,l,2024-07-10
2024-07-11,Would You Rather,2012,https://boxd.it/6QOxSL,2.5,,"tori, nathalia",2024-07-11
2024-07-12,Inside Out 2,2024,https://boxd.it/6RdSVr,3,,"nathalia, pinguas, lia 💍",2024-07-12
2024-07-14,The Village,2004,https://boxd.it/6SghYt,2.5,,l,2024-07-13
2024-07-14,Skins,2017,https://boxd.it/6ShlQv,0.5,,l,2024-07-14
2024-07-19,Scream 3,2000,https://boxd.it/6UftkV,2.5,,l,2024-07-17
2024-07-19,How to Lose a Guy in 10 Days,2003,https://boxd.it/6UsD8h,4,,"nathalia, lia seb, lia 💍",2024-07-18
2024-07-20,A Quiet Place: Day One,2024,https://boxd.it/6UMV6j,2,,ospinos,2024-07-19
2024-07-24,The Handmaiden,2016,https://boxd.it/6WOx0D,4,,"pinguas, nathalia",2024-07-24
2024-07-25,Deadpool & Wolverine,2024,https://boxd.it/6Xbp07,3,,"l, cine",2024-07-24
2024-07-27,Coraline,2009,https://boxd.it/6Y2gnH,4,Yes,l,2024-07-26
2024-07-27,The Invisible Guest,2016,https://boxd.it/6Y9mQp,4,,"lia 💍, lia seb, nathalia",2024-07-27
2024-07-28,Avengers: Endgame,2019,https://boxd.it/6YCTup,3.5,Yes,lia 💍,2024-07-28
2024-07-29,Deadpool 2,2018,https://boxd.it/6YQ1UB,2,,l,2024-07-28
2024-07-29,The Body,2012,https://boxd.it/6Z5Qv3,3.5,,"lia seb, lia 💍, joulker, pinguas",2024-07-29
2024-07-30,The Lighthouse,2019,https://boxd.it/6ZupZb,4,,"nathalia, pinguas",2024-07-29
2024-07-31,Gen V - Prime Premiere,2023,https://boxd.it/6ZNLdh,3.5,,l,2024-07-30
2024-08-02,Gonjiam: Haunted Asylum,2018,https://boxd.it/70KuvB,4,,"marquin, tori, pinguas",2024-08-01
2024-08-04,5 Centimeters per Second,2007,https://boxd.it/71kRL5,3,,l,2024-08-03
2024-08-05,Ring,1998,https://boxd.it/72ay8x,4,,"pinguas, nathalia, tori, marquin, fefelios",2024-08-05
2024-08-07,Descendants,2015,https://boxd.it/72Yfaf,2.5,,lia 💍,2024-08-07
2024-08-08,Ju-on: The Grudge,2002,https://boxd.it/73nTTf,3.5,,"marquin, tori, pinguas",2024-08-08
2024-08-10,Donnie Darko,2001,https://boxd.it/73Uxzt,3.5,,l,2024-08-08
2024-08-09,Evil Dead,2013,https://boxd.it/73MyZL,4,Yes,"pinguas, tori, marquin, fefelios",2024-08-09
2024-08-12,"I, Tonya",2017,https://boxd.it/74OCkZ,2.5,,"nathalia, pinguas",2024-08-10
2024-08-12,Donnie Darko,2001,https://boxd.it/74OUBz,4,Yes,l,2024-08-11
2024-08-12,The Blackening,2022,https://boxd.it/75csMH,3.5,,"nathalia, tori, marquin, pinguas, fefelios",2024-08-12
2024-08-14,Memento,2000,https://boxd.it/75J305,4.5,,"pinguas, nathalia, tori, marquin, fefelios",2024-08-13
2024-08-14,Socrates,1971,https://boxd.it/75Mthd,3.5,,l,2024-08-13
2024-08-14,Evil Dead Rise,2023,https://boxd.it/763ku7,2,Yes,"pinguas, nathalia, tori, marquin",2024-08-14
2024-08-15,Reflections of a Blender,2010,https://boxd.it/76hOKR,4.5,,nathalia,2024-08-14
2024-08-16,Black Swan,2010,https://boxd.it/76GW1b,5,,"l, c",2024-08-15
2024-08-16,Rise of the Planet of the Apes,2011,https://boxd.it/76UUt1,2.5,,"pinguas, nathalia, tori, gui, fefelios, marquin",2024-08-16
2024-08-17,Sound of Metal,2019,https://boxd.it/77lnYp,4,,"nathalia, tori, marquin, fefelios",2024-08-17
2024-08-18,My Fair Lady,1964,https://boxd.it/77z9Lp,3,,l,2024-08-17
2024-08-18,Alien: Romulus,2024,https://boxd.it/77Qfjb,4,,"cine, julio",2024-08-18
2024-08-19,Aliens,1986,https://boxd.it/787FiH,3.5,,l,2024-08-18
2024-08-19,Alien³,1992,https://boxd.it/78busT,2.5,,l,2024-08-18
2024-08-19,Reservoir Dogs,1992,https://boxd.it/78sfGb,4,,"pinguas, nathalia, marquin",2024-08-19
2024-08-20,Alien Resurrection,1997,https://boxd.it/78Fl4t,1.5,,l,2024-08-19
2024-08-20,Prometheus,2012,https://boxd.it/78J3hd,2.5,,marquin,2024-08-19
2024-08-20,Alien: Covenant,2017,https://boxd.it/78MKfv,3,,marquin,2024-08-19
2024-08-20,Chicago,2002,https://boxd.it/78UNnj,2.5,,"pinguas, nathalia, tori, marquin",2024-08-20
2024-08-21,Mamma Mia! Here We Go Again,2018,https://boxd.it/79aspl,3,,nathalia,2024-08-20
2024-08-21,The Babysitter,2017,https://boxd.it/79leVz,2.5,,"pinguas, nathalia, tori, marquin, fefelios",2024-08-21
2024-08-22,"Love, Death & Robots: Bad Travelling",2022,https://boxd.it/79xLyR,4,,,2024-08-21
2024-08-22,Black Mirror: The Waldo Moment,2013,https://boxd.it/79zmHD,2,,l,2024-08-21
2024-08-23,"Love, Death & Robots: Zima Blue",2019,https://boxd.it/79RZ7Z,3,,,2024-08-22
2024-08-23,Monster,2023,https://boxd.it/79TuXJ,4.5,,"l, pinguas",2024-08-22
2024-08-23,Black Mirror: Shut Up and Dance,2016,https://boxd.it/79UyTX,3.5,,l,2024-08-22
2024-08-23,Black Mirror: Hang the DJ,2017,https://boxd.it/79WuFL,4,,l,2024-08-22
2024-08-23,Black Mirror: White Bear,2013,https://boxd.it/7a4Jkz,3,,l,2024-08-22
2024-08-24,Fantastic Mr. Fox,2009,https://boxd.it/7agqYT,4.5,,l,2024-08-23
2024-08-25,Snowden,2016,https://boxd.it/7b1I5V,2,,ospinos,2024-08-24
2024-08-26,2001: A Space Odyssey,1968,https://boxd.it/7bwo83,4.5,,lia 💍,2024-08-25
2024-08-26,Challengers,2024,https://boxd.it/7bGJtL,3.5,,lia 💍,2024-08-25
2024-08-27,Black Mirror: Mazey Day,2023,https://boxd.it/7bSd9D,1,,l,2024-08-26
2024-08-27,The First Omen,2024,https://boxd.it/7bZEgZ,2,,l,2024-08-26
2024-08-31,Old,2021,https://boxd.it/7dBPfD,1.5,,l,2024-08-30
2024-09-06,Trap,2024,https://boxd.it/7gtcgX,2.5,,l,2024-09-05
2024-09-08,Black Mirror: San Junipero,2016,https://boxd.it/7hbV33,3,,l,2024-09-07
2024-09-14,Exposure,2022,https://boxd.it/7jOGMN,2.5,,l,2024-09-13
2024-09-17,The Prodigy,2019,https://boxd.it/7lvrKR,1.5,,l,2024-09-16
2024-09-18,Pawn Sacrifice,2014,https://boxd.it/7lSzIP,4,,l,2024-09-17
2024-09-18,The Shawshank Redemption,1994,https://boxd.it/7lZnzv,5,,"l, c",2024-09-17
2024-09-19,Longlegs,2024,https://boxd.it/7mjIG3,2,,"l, cine",2024-09-18
2024-09-20,The Departed,2006,https://boxd.it/7mGkxH,4.5,,l,2024-09-19
2024-09-21,Over the Garden Wall,2014,https://boxd.it/7na7wr,4,,l,2024-09-20
2024-09-21,Death Proof,2007,https://boxd.it/7ncCNn,3,,ospinos,2024-09-20
2024-09-22,The Machinist,2004,https://boxd.it/7nwiHp,4,,l,2024-09-21
2024-09-22,Cast Away,2000,https://boxd.it/7nHcTB,3.5,,ospinos,2024-09-21
2024-09-23,Catch Me If You Can,2002,https://boxd.it/7o3wiJ,4.5,Yes,ospinos,2024-09-22
2024-09-26,Speak No Evil,2024,https://boxd.it/7pmT3J,3,,"l, cine",2024-09-25
2024-10-02,The Texas Chain Saw Massacre,1974,https://boxd.it/7s88UF,3,,l,2024-10-01
2024-10-03,The Substance,2024,https://boxd.it/7srVnD,4.5,,"l, cine",2024-10-02
2024-10-04,Megan Is Missing,2011,https://boxd.it/7sZoRX,0.5,,l,2024-10-03
2024-10-09,Miss Peregrine's Home for Peculiar Children,2016,https://boxd.it/7vCSbt,3,,lia 💍,2024-10-09
2024-10-11,Special Day,2018,https://boxd.it/7wgAmj,1,,l,2024-10-10
2024-10-13,Rush,2013,https://boxd.it/7xqAMP,4,,"pinguas, lia 💍",2024-10-12
2024-10-14,May December,2023,https://boxd.it/7xOsp7,2.5,,"lia 💍, lia seb, pinguas",2024-10-13
2024-10-15,Senna,2010,https://boxd.it/7yEF5t,5,,"pinguas, lia 💍",2024-10-15
2024-10-17,Barbie as Rapunzel,2002,https://boxd.it/7zA1nN,2.5,,lia 💍,2024-10-17
2024-10-18,Smile 2,2024,https://boxd.it/7zV13l,3.5,,cine,2024-10-17
2024-10-18,Terrifier,2016,https://boxd.it/7A0Fib,2.5,Yes,l,2024-10-18
2024-10-19,Terrifier 2,2022,https://boxd.it/7AdZir,1.5,Yes,l,2024-10-18
2024-10-19,The 9th Circle,2008,https://boxd.it/7Aogz5,1.5,,l,2024-10-18
2024-10-19,All Hallows' Eve,2013,https://boxd.it/7AqvZh,1,,l,2024-10-18
2024-10-19,Terrifier,2011,https://boxd.it/7Aqxuv,2,,l,2024-10-18
2024-10-21,It's What's Inside,2024,https://boxd.it/7Bwg2P,3,,lia 💍,2024-10-20
2024-10-23,Mad God,2021,https://boxd.it/7CuxUf,3.5,,l,2024-10-22
2024-10-23,I Saw the TV Glow,2024,https://boxd.it/7CEte5,2,,lia 💍,2024-10-22
2024-10-25,Jennifer's Body,2009,https://boxd.it/7Dm3Bb,2.5,,l,2024-10-24
2024-10-25,The Platform 2,2024,https://boxd.it/7DqExX,1,,l,2024-10-24
2024-10-25,Final Destination,2000,https://boxd.it/7DuRUX,3,,l,2024-10-24
2024-10-26,First Daughter,2004,https://boxd.it/7DIH2p,3,,lia 💍,2024-10-25
2024-10-26,13 Going on 30,2004,https://boxd.it/7DZYff,2.5,,ospinos,2024-10-25
2024-10-28,Soul,2020,https://boxd.it/7ER1UB,3.5,,lia 💍,2024-10-27
2024-10-29,BlacKkKlansman,2018,https://boxd.it/7Fs5zh,4,,"pinguas, lia 💍",2024-10-28
2024-10-30,Kingsman: The Secret Service,2014,https://boxd.it/7G1k4j,3,,lia 💍,2024-10-29
2024-10-30,Olivia Rodrigo: GUTS World Tour,2024,https://boxd.it/7G4UCH,4.5,,l,2024-10-29
2024-10-31,The Wild Robot,2024,https://boxd.it/7GEfEz,4,,"l, cine",2024-10-30
2024-11-01,Ex Machina,2015,https://boxd.it/7GUamx,3.5,,lia 💍,2024-10-30
2024-11-01,Terrifier 3,2024,https://boxd.it/7H4hTX,3,,l,2024-10-31
2024-11-03,Friends with Benefits,2011,https://boxd.it/7I3oZb,2.5,,lia 💍,2024-11-01
2024-11-04,The Pool,2018,https://boxd.it/7J7lgz,0.5,,l,2024-11-01
2024-11-03,Arrival,2016,https://boxd.it/7IwUmX,4.5,Yes,lia 💍,2024-11-02
2024-11-10,We Live in Time,2024,https://boxd.it/7LA7OD,4,,"cine, julio, malu",2024-11-09
2024-11-10,I'm Still Here,2024,https://boxd.it/7LGvcF,5,,"cine, julio, malu",2024-11-09
2024-11-11,Speak No Evil,2022,https://boxd.it/7M68OD,2,,l,2024-11-10
2024-11-11,Gladiator,2000,https://boxd.it/7MbelH,4.5,,l,2024-11-10
2024-11-18,Black Panther,2018,https://boxd.it/7PH1Kb,3.5,,ospinos,2024-11-17
2024-12-09,A Nonsense Christmas with Sabrina Carpenter,2024,https://boxd.it/80y5ZP,4,,lia 💍,2024-12-09
2024-12-10,Wild Tales,2014,https://boxd.it/8115OZ,4,,lia 💍,2024-12-09
2024-12-14,Wild Tales,2014,https://boxd.it/82MGJb,4,Yes,ospinos,2024-12-13
2024-12-16,Gladiator II,2024,https://boxd.it/83PEQJ,2.5,,"ospinos, cine",2024-12-15
2024-12-17,Before Sunrise,1995,https://boxd.it/84hH2t,4,,lia 💍,2024-12-15
2024-12-17,Before Sunset,2004,https://boxd.it/84hIaN,3,,lia 💍,2024-12-16
2024-12-22,Red One,2024,https://boxd.it/87nd1J,2,,ospinos,2024-12-21
2024-12-27,I Choose to Believe,2023,https://boxd.it/8bnlmB,3.5,Yes,lia 💍,2024-12-27
2024-12-28,Trap,2024,https://boxd.it/8c2Xzl,2,Yes,ospinos,2024-12-27
2024-12-28,Lady and the Tramp,1955,https://boxd.it/8c8fRx,3.5,Yes,lia 💍,2024-12-27
2024-12-29,Bingo: The King of the Mornings,2017,https://boxd.it/8czoWF,3.5,,"pinguas, nathalia, luigimec",2024-12-28
2024-12-29,Jurassic Park,1993,https://boxd.it/8cVo2h,4,,ospinos,2024-12-28
2024-12-29,Creed,2015,https://boxd.it/8cZ9Wd,3.5,,ospinos,2024-12-28
2024-12-29,To All the Boys I've Loved Before,2018,https://boxd.it/8d51vl,2,,lia 💍,2024-12-28
2024-12-29,Olivia Rodrigo: GUTS World Tour,2024,https://boxd.it/8day19,4.5,Yes,lia 💍,2024-12-28
2024-12-30,Dune,2021,https://boxd.it/8e1oYh,4,,ospinos,2024-12-29
2025-01-01,GoodFellas,1990,https://boxd.it/8fLSsh,4.5,,l,2024-12-31
2025-01-02,Dune: Part Two,2024,https://boxd.it/8gMNUB,4.5,,ospinos,2025-01-01
2025-01-03,(500) Days of Summer,2009,https://boxd.it/8i2Zur,4.5,Yes,lia 💍,2025-01-02
2025-01-04,Nightcrawler,2014,https://boxd.it/8iPpLp,4,,ospinos,2025-01-03
2025-01-05,Sweet Girl,2021,https://boxd.it/8jWQa9,1,,ospinos,2025-01-04
2025-01-05,American Psycho,2000,https://boxd.it/8k6byz,4.5,Yes,lia 💍,2025-01-05
2025-01-06,Amateur,2018,https://boxd.it/8kYoQp,0.5,,ospinos,2025-01-05
2025-01-06,Heathers,1989,https://boxd.it/8lbRgr,2.5,,"marquin, nathalia, lia 💍, pinguas",2025-01-05
2025-03-07,ATM,2012,https://boxd.it/92HSDR,1,,l,2025-01-06
2025-01-08,Burning,2018,https://boxd.it/8mVXO1,4,,"lia 💍, nathalia, marquin, pinguas",2025-01-07
2025-01-10,The Chaser,2008,https://boxd.it/8p9Bff,4,,"pinguas, lia 💍, marquin, nathalia, namementioned",2025-01-10
2025-01-11,We Live in Time,2024,https://boxd.it/8pO1TF,3.5,Yes,lia 💍,2025-01-10
2025-01-11,Decision to Leave,2022,https://boxd.it/8q4Sb9,3.5,,"pinguas, lia 💍, marquin, luigimec, marcela, fefys",2025-01-10
2025-01-11,Grave of the Fireflies,1988,https://boxd.it/8qcpHV,4.5,,"nathalia, luigimec, marquin, fefys, lia 💍",2025-01-11
2025-01-12,Look Back,2024,https://boxd.it/8ribln,3,,"fefys, pinguas, lia 💍",2025-01-12
2025-01-12,12 Angry Men,1957,https://boxd.it/8rpmgH,5,,"pinguas, lia 💍, nathalia, fefys, luigimec, marquin",2025-01-12
2025-01-12,Incendies,2010,https://boxd.it/8rsgrF,3.5,,l,2025-01-12
2025-01-14,Conclave,2024,https://boxd.it/8sIEzT,4,,"l, cine, cine25, namementioned",2025-01-13
2025-01-14,La Haine,1995,https://boxd.it/8tao0J,4,,lia 💍,2025-01-13
2025-01-15,Anora,2024,https://boxd.it/8tY27t,3.5,,"l, cine, cine25, namementioned",2025-01-15
2025-01-16,GoodFellas,1990,https://boxd.it/8uloLB,4.5,Yes,l,2025-01-15
2025-01-16,Good Time,2017,https://boxd.it/8uJe0D,3.5,,"lia 💍, nathalia, marquin, fefys, luigimec",2025-01-16
2025-01-17,Eraserhead,1977,https://boxd.it/8vp1or,4,,"fefys, marquin, nathalia, luigimec",2025-01-16
2025-01-18,The Whale,2022,https://boxd.it/8vHNQJ,4.5,,l,2025-01-17
2025-01-18,Sausage Party,2016,https://boxd.it/8w1b0Z,3,,"lia 💍, lia seb, marquin, marcela, pinguas, nathalia, luigimec, fefelios, fefys",2025-01-17
2025-01-18,The Human Centipede (First Sequence),2009,https://boxd.it/8w5Nl5,0.5,,"nathalia, luigimec, fefelios, fefys, marquin, namementioned",2025-01-17
2025-01-19,Lady Bird,2017,https://boxd.it/8wWTDZ,2.5,,"lia 💍, namementioned",2025-01-18
2025-01-20,The Wrestler,2008,https://boxd.it/8xZA6n,3.5,,"marquin, fefys, luigimec, lia 💍",2025-01-20
2025-01-21,Megalopolis,2024,https://boxd.it/8yJWY9,0.5,,"lia 💍, pinguas, marquin, fefys",2025-01-21
2025-01-22,V for Vendetta,2005,https://boxd.it/8zmhDd,4,,"pinguas, lia 💍, marquin",2025-01-21
2025-01-24,Hoodwinked!,2005,https://boxd.it/8AjcX1,2,,"lia 💍, fefys, luigimec, furrico, nathalia",2025-01-23
2025-01-25,Nosferatu,2024,https://boxd.it/8BxRZf,3.5,,"lia 💍, tori, gui, fefys, luigimec, marquin, namementioned",2025-01-25
2025-01-26,Mufasa: The Lion King,2024,https://boxd.it/8CcSdj,3.5,,"lia 💍, cine, cine25",2025-01-25
2025-01-28,Blink Twice,2024,https://boxd.it/8E6pLn,3,,"marquin, fefys, pinguas, luigimec, namementioned",2025-01-27
2025-01-29,The Lion King,2019,https://boxd.it/8EtRTb,2.5,,l,2025-01-28
2025-02-04,The Host,2006,https://boxd.it/8Jay4F,3,,"pinguas, marquin, fefys",2025-02-04
2025-02-05,Finley,2019,https://boxd.it/8JH2aH,2,,"lia 💍, pinguas, fefys, namementioned",2025-02-04
2025-02-05,The Mist,2007,https://boxd.it/8JLxz7,3.5,,"marquin, luigimec, fefys, lia 💍, namementioned",2025-02-04
2025-02-07,Zombieland,2009,https://boxd.it/8KXi2b,3.5,Yes,"marquin, lia 💍, nathalia, fefelios, fefys, pinguas, namementioned",2025-02-07
2025-02-08,Black Mirror: Bandersnatch,2018,https://boxd.it/8LAV2x,3.5,Yes,"lia 💍, pinguas, marquin, luigimec, fefys, fefelios, nathalia",2025-02-08
2025-02-09,Midsommar,2019,https://boxd.it/8Mq7BV,4,Yes,"lia 💍, marquin, fefys, namementioned",2025-02-09
2025-02-10,InAlienable,2008,https://boxd.it/8MCojX,0.5,,l,2025-02-09
2025-02-10,The Skin I Live In,2011,https://boxd.it/8N4KE5,3.5,,l,2025-02-09
2025-02-11,Big Time Movie,2012,https://boxd.it/8Nigs7,2.5,,lia 💍,2025-02-10
2025-02-11,Silent Hill,2006,https://boxd.it/8Npu9R,2.5,,l,2025-02-10
2025-02-12,Black Mirror: White Christmas,2014,https://boxd.it/8O0eON,4,,l,2025-02-11
2025-02-12,High and Low,1963,https://boxd.it/8OgT8b,4.5,,l,2025-02-11
2025-02-13,Black Mirror: Black Museum,2017,https://boxd.it/8OANIH,3.5,,l,2025-02-12
2025-02-13,Clueless,1995,https://boxd.it/8OReL1,2,,"lia 💍, pinguas, nathalia, marquin, tori, fefys, luigimec",2025-02-13
2025-02-15,Anyone But You,2023,https://boxd.it/8Q38cx,3,,lia 💍,2025-02-15
2025-02-16,Autumn Sonata,1978,https://boxd.it/8QpyDX,4.5,,l,2025-02-15
2025-02-16,Other Side of the Box,2018,https://boxd.it/8QJLnt,1.5,Yes,,2025-02-15
2025-02-17,Cure,1997,https://boxd.it/8R5NKN,3,,"lia 💍, pinguas, nathalia, marquin, tori, fefys, luigimec",2025-02-16
2025-02-17,Booksmart,2019,https://boxd.it/8RGP65,1.5,,"lia 💍, nathalia, marquin, tori, luigimec, fefys",2025-02-17
2025-02-18,Hacksaw Ridge,2016,https://boxd.it/8SlwA3,4,,"lia 💍, namementioned",2025-02-18
2025-02-19,WHAT DID JACK DO?,2017,https://boxd.it/8SBtyl,3.5,,l,2025-02-18
2025-02-19,The Exorcist,1973,https://boxd.it/8SFa7N,4.5,,l,2025-02-18
2025-02-19,Shaun of the Dead,2004,https://boxd.it/8SWOVR,4,,"lia 💍, pinguas, nathalia, marquin, fefys, luigimec",2025-02-19
2025-02-20,Companion,2025,https://boxd.it/8TswjT,3,,"lia 💍, pinguas, marquin, fefys, luigimec, marcela, namementioned, furrico",2025-02-19
2025-02-21,The Fountain,2006,https://boxd.it/8U4PQD,3,,l,2025-02-20
2025-02-22,Good Will Hunting,1997,https://boxd.it/8Uo22f,5,,"l, c",2025-02-21
2025-02-23,The Soul Eater,2024,https://boxd.it/8VuLNB,1,,"lia 💍, nathalia, marquin, fefys, luigimec, namementioned",2025-02-22
2025-02-26,The Brutalist,2024,https://boxd.it/8X96nX,5,,l,2025-02-25
2025-02-26,A Complete Unknown,2024,https://boxd.it/8XqV55,3.5,,"lia 💍, namementioned",2025-02-26
2025-02-27,A Real Pain,2024,https://boxd.it/8XFbSb,3.5,,l,2025-02-26
2025-02-28,Flow,2024,https://boxd.it/8YtM7L,3.5,,"lia 💍, fefys, pinguas, luigimec",2025-02-27
2025-03-01,Elton John: Never Too Late,2024,https://boxd.it/8YGfXl,2.5,,l,2025-02-28
2025-03-05,The House That Jack Built,2018,https://boxd.it/91FNyJ,4.5,,l,2025-03-04
2025-03-05,Juror #2,2024,https://boxd.it/91LSyL,3,,ospinos,2025-03-04
2025-03-05,"The French Dispatch of the Liberty, Kansas Evening Sun",2021,https://boxd.it/91Qx3H,3.5,,lia 💍,2025-03-04
2025-03-06,The Wonderful Story of Henry Sugar,2023,https://boxd.it/92jsar,3.5,,l,2025-03-05
2025-03-07,Poison,2023,https://boxd.it/92ElID,3.5,,l,2025-03-06
2025-03-07,The Rat Catcher,2023,https://boxd.it/92KgXP,3,,l,2025-03-06
2025-03-08,Mickey 17,2025,https://boxd.it/93sDPH,3.5,,"ospinos, cine, cine25, namementioned",2025-03-07
2025-03-09,Anatomy of a Fall,2023,https://boxd.it/93SUbr,5,Yes,ospinos,2025-03-08
2025-03-13,El Camino: A Breaking Bad Movie,2019,https://boxd.it/96GGAl,3.5,,l,2025-03-12
2025-03-14,The Pianist,2002,https://boxd.it/97b8q9,4.5,,l,2025-03-13
2025-03-15,Funny Games,1997,https://boxd.it/97zLFv,4,,l,2025-03-14
2025-03-22,Mainstream Sellout Live From Cleveland: The Pink Era,2023,https://boxd.it/9bXben,3,Yes,l,2025-03-17
2025-03-22,Downfalls High,2021,https://boxd.it/9c8Quj,3,Yes,lia 💍,2025-03-23
2025-03-27,Olivia Rodrigo: GUTS World Tour,2024,https://boxd.it/9f61cL,4,Yes,"l, cine25",2025-03-27
2025-04-07,Final Destination 2,2003,https://boxd.it/9kTjXj,2,,l,2025-04-05
2025-04-13,The Wild Robot,2024,https://boxd.it/9oyMZR,4,Yes,ospinos,2025-04-10
2025-04-21,Scary Movie,2000,https://boxd.it/9sZTTr,3,,l,2025-04-19
2025-05-05,Catch Me If You Can,2002,https://boxd.it/9BxQq7,4.5,Yes,ospinos,2025-05-03
2025-05-13,Scary Movie 3,2003,https://boxd.it/9G0NvH,1.5,,l,2025-05-09
2025-05-17,Uncut Gems,2019,https://boxd.it/9Ip1Oz,3.5,,ospinos,2025-05-16
2025-05-18,The Shawshank Redemption,1994,https://boxd.it/9IZQ8r,5,Yes,ospinos,2025-05-17
2025-05-24,Fear Street: Prom Queen,2025,https://boxd.it/9MHVxL,0.5,,l,2025-05-23
2025-06-01,WHAT DID JACK DO?,2017,https://boxd.it/9Rs6Ln,4,Yes,lia 💍,2025-05-31
2025-06-04,Kung Fu Panda 2,2011,https://boxd.it/9TxOJD,4,Yes,l,2025-06-03
2025-06-15,Saw III,2006,https://boxd.it/a0ws9J,3.5,Yes,,2025-06-05
2025-06-07,Mamma Mia!,2008,https://boxd.it/9VlPFB,4,Yes,lia 💍,2025-06-06
2025-06-08,Mission: Impossible – Dead Reckoning,2023,https://boxd.it/9VYBTR,2.5,,ospinos,2025-06-07
2025-06-13,Pulp Fiction,1994,https://boxd.it/9ZbKG1,5,Yes,lia 💍,2025-06-12
2025-06-14,O Rei do Cagaço,1977,https://boxd.it/9ZRkyT,0.5,,,2025-06-13
2025-06-15,Pulp Fiction,1994,https://boxd.it/a0wdwD,5,Yes,ospinos,2025-06-14
2025-06-25,28 Days Later,2002,https://boxd.it/a6NqRx,4,,l,2025-06-19
2025-06-20,Whiplash,2014,https://boxd.it/a3AkwF,4.5,Yes,"ospinos, namementioned",2025-06-24
2025-06-25,28 Weeks Later,2007,https://boxd.it/a6Sgm5,1.5,,l,2025-06-24
2025-06-28,In the Mood for Love,2000,https://boxd.it/a8VmmT,4,,"luigimec, fefys, lia 💍",2025-06-27
2025-06-29,A Charlie Brown Valentine,2002,https://boxd.it/a9G1Pf,2,,lia 💍,2025-06-29
2025-07-01,Chungking Express,1994,https://boxd.it/aaDljL,4,,lia 💍,2025-06-30
2025-07-02,Antichrist,2009,https://boxd.it/abA8kf,4,,l,2025-07-01
2025-07-03,Melancholia,2011,https://boxd.it/acfsgp,4,,"l, namementioned",2025-07-02
2025-07-04,Nymphomaniac: Vol. I,2013,https://boxd.it/acDQIF,3,,l,2025-07-02
2025-07-04,F1,2025,https://boxd.it/ad23mP,4,,"l, namementioned, cine25, cine",2025-07-03
2025-07-05,Sinners,2025,https://boxd.it/adlVnv,4,,l,2025-07-04
2025-07-07,Mirage,2018,https://boxd.it/afgUqL,3,,"lia 💍, namementioned",2025-07-06
2025-07-08,God's Crooked Lines,2022,https://boxd.it/afYkVB,2.5,,"lia 💍, namementioned",2025-07-07
2025-07-11,Source Code,2011,https://boxd.it/aieVsr,3.5,,"l, namementioned",2025-07-11
2025-07-12,The Seventh Seal,1957,https://boxd.it/aijclv,5,,"l, namementioned",2025-07-11
2025-07-12,Superman,2025,https://boxd.it/aiQIk1,3.5,,"cine, cine25, julio, namementioned",2025-07-11
2025-07-14,28 Years Later,2025,https://boxd.it/akhZKX,3,,l,2025-07-13
2025-07-14,Dead Poets Society,1989,https://boxd.it/akrBAp,3.5,,"fefys, pinguas, namementioned, lia 💍",2025-07-13
2025-07-16,Perfect Days,2023,https://boxd.it/alUPnV,5,,"lia 💍, c",2025-07-15
2025-07-18,The Hateful Eight,2015,https://boxd.it/amWHwX,4.5,,l,2025-07-17
2025-07-19,The Worst Person in the World,2021,https://boxd.it/anNhE3,4,,l,2025-07-18
2025-07-19,The Guilty,2021,https://boxd.it/anRoRB,3,,l,2025-07-18
2025-07-19,The Godfather,1972,https://boxd.it/ao3SPp,5,,"luigimec, fefelios, tori, namementioned",2025-07-18
2025-07-20,One Day,2011,https://boxd.it/aoQP15,4,,lia 💍,2025-07-19
2025-07-21,Jurassic World: Fallen Kingdom,2018,https://boxd.it/apiT0B,2,Yes,ospinos,2025-07-20
2025-07-21,The Human Centipede 2 (Full Sequence),2011,https://boxd.it/apocUj,1,,l,2025-07-20
2025-07-22,Detachment,2011,https://boxd.it/aqi2u3,4,,l,2025-07-21
2025-07-23,Asteroid City,2023,https://boxd.it/arogDf,2.5,,"l, namementioned",2025-07-22
2025-07-23,The Swan,2023,https://boxd.it/aroLb7,3,,l,2025-07-22
2025-07-24,The Cloverfield Paradox,2018,https://boxd.it/arMKdJ,1,,l,2025-07-23
2025-07-25,Man of Steel,2013,https://boxd.it/asrrn3,2.5,Yes,l,2025-07-24
2025-07-25,Batman Begins,2005,https://boxd.it/asz19P,4,Yes,l,2025-07-24
2025-07-25,The Dark Knight,2008,https://boxd.it/asOKlr,5,Yes,"namementioned, l",2025-07-24
2025-07-25,The Godfather Part II,1974,https://boxd.it/asZRN5,5,,"pinguas, luigimec",2025-07-24
2025-07-26,The Dark Knight Rises,2012,https://boxd.it/atlImj,4.5,Yes,l,2025-07-25
2025-07-26,The Batman,2022,https://boxd.it/atAHib,5,Yes,"l, namementioned",2025-07-25
2025-07-27,Four Weddings and a Funeral,1994,https://boxd.it/auKroL,2.5,,lia 💍,2025-07-27
2025-07-28,Bring Her Back,2025,https://boxd.it/avvpA5,4,,"l, namementioned",2025-07-27
2025-07-28,Vertigo,1958,https://boxd.it/avFgbl,5,,"l, namementioned",2025-07-27
2025-07-29,Tenet,2020,https://boxd.it/aw5Btd,3,,"l, namementioned",2025-07-28
2025-07-31,The Killer,2023,https://boxd.it/axQYP5,3.5,,l,2025-07-30
2025-08-02,Jurassic World Rebirth,2025,https://boxd.it/azuAA5,2,,"cine, cine25, ospinos",2025-08-01
2025-08-04,The Lego Batman Movie,2017,https://boxd.it/aAZg5n,3.5,Yes,ospinos,2025-08-03
2025-08-05,Spider-Man 2,2004,https://boxd.it/aBPf43,4,Yes,l,2025-08-04
2025-08-06,V/H/S/2,2013,https://boxd.it/aCU74t,2.5,,pinguas,2025-08-05
2025-08-12,Modern Times,1936,https://boxd.it/aHx63D,4,Yes,l,2025-08-07
2025-08-09,Fantastic Mr. Fox,2009,https://boxd.it/aF3YqD,4.5,Yes,"fefys, lia 💍, namementioned",2025-08-08
2025-08-10,War of the Worlds,2025,https://boxd.it/aFj8ch,0.5,,l,2025-08-09
2025-08-10,Weapons,2025,https://boxd.it/aFFjmV,4,,"julio, cine, cine25, namementioned",2025-08-09
2025-08-10,Batman: Mask of the Phantasm,1993,https://boxd.it/aFF6cD,4,,l,2025-08-10
2025-08-11,Batman: Hush,2019,https://boxd.it/aH0Xf7,3.5,,l,2025-08-11
2025-08-12,The Death of Superman,2018,https://boxd.it/aHupf3,3.5,,l,2025-08-11
2025-08-13,Reign of the Supermen,2019,https://boxd.it/aHPHuH,1.5,,l,2025-08-12
2025-08-13,Batman & Mr. Freeze: SubZero,1998,https://boxd.it/aI3jcR,4,,l,2025-08-12
2025-08-13,Batman: Mystery of the Batwoman,2003,https://boxd.it/aI9UEv,3,,l,2025-08-12
2025-08-14,Batman: Under the Red Hood,2010,https://boxd.it/aIAiSN,4,,l,2025-08-13
2025-08-14,Batman: The Killing Joke,2016,https://boxd.it/aIBE2r,1.5,,l,2025-08-13
2025-08-14,"Batman: The Long Halloween, Part One",2021,https://boxd.it/aIDz4L,3,,l,2025-08-13
2025-08-14,"Batman: The Long Halloween, Part Two",2021,https://boxd.it/aJ1dyR,3.5,,l,2025-08-14
2025-08-15,Batman: Year One,2011,https://boxd.it/aJgqVT,4,,,2025-08-14
2025-08-15,Batman Beyond: Return of the Joker,2000,https://boxd.it/aJhup5,3.5,,l,2025-08-14
2025-08-15,"Batman: The Dark Knight Returns, Part 1",2012,https://boxd.it/aJAaQj,3.5,,l,2025-08-14
2025-08-15,"Batman: The Dark Knight Returns, Part 2",2013,https://boxd.it/aJFUIP,3.5,,l,2025-08-15
2025-08-18,Captain America: The Winter Soldier,2014,https://boxd.it/aLWoSl,3.5,Yes,lia 💍,2025-08-17
2025-08-19,Johnny English,2003,https://boxd.it/aMCMKz,3,,"ospinos, namementioned",2025-08-18
2025-08-19,The Matrix,1999,https://boxd.it/aMPfQ1,4.5,,"l, namementioned",2025-08-19
2025-08-22,Superman,1978,https://boxd.it/aOxN3T,3.5,,l,2025-08-21
2025-08-22,Justice League: The Flashpoint Paradox,2013,https://boxd.it/aOXBZX,3.5,,"lia 💍, pinguas, fefys",2025-08-21
2025-08-23,Batman Begins,2005,https://boxd.it/aPwktZ,3.5,Yes,lia 💍,2025-08-23
2025-08-24,F1,2025,https://boxd.it/aQlKID,3,Yes,"lia 💍, fefys, marquin, lia seb",2025-08-24
2025-08-25,The Dark Knight,2008,https://boxd.it/aR7Den,5,Yes,"lia 💍, namementioned",2025-08-24
2025-08-26,Full Metal Jacket,1987,https://boxd.it/aRnxDX,4.5,,"ospinos, namementioned",2025-08-25
2025-08-26,The Dark Knight Rises,2012,https://boxd.it/aRNa43,4,Yes,lia 💍,2025-08-25
2025-08-28,Nobody,2021,https://boxd.it/aSFELp,3.5,,"l, namementioned",2025-08-27
2025-08-29,The Da Vinci Code,2006,https://boxd.it/aTfci7,2.5,,"lia 💍, marquin",2025-08-27
2025-08-29,Dunkirk,2017,https://boxd.it/aTrrDD,3.5,,l,2025-08-28
2025-09-01,The Batman,2022,https://boxd.it/aVUtrl,5,Yes,lia 💍,2025-08-31
2025-09-02,Batman vs. Two-Face,2017,https://boxd.it/aWcMhP,1.5,,l,2025-09-01
2025-09-02,Justice League: Doom,2012,https://boxd.it/aWeNz5,3.5,,l,2025-09-01
2025-09-02,Son of Batman,2014,https://boxd.it/aWvYwZ,2.5,,l,2025-09-01
2025-09-02,Batman vs. Robin,2015,https://boxd.it/aWFWYn,3,,l,2025-09-02
2025-09-03,Stalker,1979,https://boxd.it/aXdvX1,5,,"l, namementioned, profile",2025-09-02
2025-09-05,Jeepers Creepers,2001,https://boxd.it/aY728F,2.5,,"l, namementioned",2025-09-04
2025-09-05,OLIVIA RODRIGO: driving home 2 u (a SOUR film),2022,https://boxd.it/aYkpOF,4,,l,2025-09-04
2025-09-07,Come and See,1985,https://boxd.it/aZHX6d,5,,lia 💍,2025-09-06
2025-09-11,Night of the Hunted,2023,https://boxd.it/b2g0F7,1.5,,l,2025-09-10
2025-09-11,Batman: Year One,2011,https://boxd.it/b2g1zT,4,Yes,lia 💍,2025-09-10
2025-09-12,Batman: Year One,2011,https://boxd.it/b2LHdx,3.5,Yes,lia 💍,2025-09-11
2025-09-14,Batman: Under the Red Hood,2010,https://boxd.it/b3yKYT,4,Yes,lia 💍,2025-09-13
2025-09-14,Batman: Mystery of the Batwoman,2003,https://boxd.it/b3H3rF,3,Yes,lia 💍,2025-09-13
2025-09-14,Batman: Mask of the Phantasm,1993,https://boxd.it/b44ws9,4,Yes,lia 💍,2025-09-13
2025-09-16,Batman & Mr. Freeze: SubZero,1998,https://boxd.it/b5oBAB,4,Yes,lia 💍,2025-09-15
2025-09-19,Batman: Hush,2019,https://boxd.it/b6EEgF,3.5,Yes,lia 💍,2025-09-17
2025-09-23,Monster House,2006,https://boxd.it/b9hiJr,2.5,Yes,l,2025-09-21
2025-09-25,Caught Stealing,2025,https://boxd.it/baoYqz,3,,l,2025-09-24
2025-09-25,The Favourite,2018,https://boxd.it/baILNl,4,,l,2025-09-24
2025-09-26,Yi Yi,2000,https://boxd.it/bb8MxZ,4.5,,"pinguas, marquin, luigimec",2025-09-25
2025-09-27,One Battle After Another,2025,https://boxd.it/bbG90F,4,,"julio, cine25, cine, bento, namementioned",2025-09-26
2025-09-28,No Country for Old Men,2007,https://boxd.it/bbWgpz,4,,l,2025-09-27
2025-09-30,The Elephant Man,1980,https://boxd.it/bdH3i9,5,,"l, c",2025-09-29
2025-10-01,The Iron Claw,2023,https://boxd.it/bdZ5vF,4,,"l, namementioned",2025-09-30
2025-10-01,Mirror,1975,https://boxd.it/beg0lf,5,,"l, c",2025-09-30
2025-10-02,A Clockwork Orange,1971,https://boxd.it/beAhm5,4,,l,2025-10-01
2025-10-02,The Fly,1986,https://boxd.it/beN3ip,3.5,,"l, namementioned",2025-10-01
2025-10-03,Cloverfield,2008,https://boxd.it/bfmEQX,3.5,,"marquin, luigimec, lia 💍, pinguas",2025-10-02
2025-10-04,10 Cloverfield Lane,2016,https://boxd.it/bfHKVr,3.5,,l,2025-10-03
2025-10-05,Triangle,2009,https://boxd.it/bgK4fj,3.5,Yes,lia 💍,2025-10-04
2025-10-07,Weapons,2025,https://boxd.it/bic8Gt,4,Yes,"pinguas, marquin, tori, luigimec",2025-10-06
2025-10-08,Scary Stories to Tell in the Dark,2019,https://boxd.it/bislYn,2,,l,2025-10-07
2025-10-08,Trick 'r Treat,2007,https://boxd.it/biv9aV,3,,l,2025-10-07
2025-10-08,Twilight,2008,https://boxd.it/biLIhp,3.5,,lia 💍,2025-10-07
2025-10-09,Evil Dead II,1987,https://boxd.it/bj2X5H,4,,l,2025-10-08
2025-10-09,The Twilight Saga: New Moon,2009,https://boxd.it/bjkeDl,1,,lia 💍,2025-10-08
2025-10-10,The Twilight Saga: Eclipse,2010,https://boxd.it/bjQFn9,1,,lia 💍,2025-10-09
2025-10-11,V/H/S/Halloween,2025,https://boxd.it/bka1LF,2,,"tori, pinguas",2025-10-10
2025-10-12,The Twilight Saga: Breaking Dawn – Part 1,2011,https://boxd.it/bkYQ3J,1,,lia 💍,2025-10-11
2025-10-12,The Twilight Saga: Breaking Dawn – Part 2,2012,https://boxd.it/bl5yTr,2.5,,lia 💍,2025-10-11
2025-10-13,Bring Her Back,2025,https://boxd.it/bm3CSH,4,Yes,"lia 💍, pinguas, marquin",2025-10-12
2025-10-14,Scary Movie,2000,https://boxd.it/bmIPpP,3.5,Yes,lia 💍,2025-10-13
2025-10-15,Dawn of the Dead,1978,https://boxd.it/bn2re9,3.5,,l,2025-10-14
2025-10-16,Scary Movie 2,2001,https://boxd.it/bntuVz,1,,lia 💍,2025-10-14
2025-10-16,A Film by Kirk,2002,https://boxd.it/bnOITJ,3.5,,lia 💍,2025-10-15
2025-10-17,House of Wax,2005,https://boxd.it/bobVXb,3,,"l, namementioned",2025-10-16
2025-10-18,Saw,2004,https://boxd.it/boJL1z,4.5,Yes,l,2025-10-17
2025-10-18,Singin' in the Rain,1952,https://boxd.it/bp1Dd9,4,,"lia 💍, luigimec, marquin, pinguas, namementioned",2025-10-17
2025-10-18,Lost and Found,1996,https://boxd.it/bp6rUb,4,,"marquin, luigimec, lia 💍, qvt, namementioned",2025-10-18
2025-10-20,Mother,2009,https://boxd.it/bqGPNJ,3.5,,"namementioned, lia 💍, pinguas, marquin, luigimec",2025-10-19
2025-10-21,The Strange Thing About the Johnsons,2011,https://boxd.it/br505L,0.5,,l,2025-10-20
2025-10-25,Constantine,2005,https://boxd.it/btNuZF,3.5,,"lia 💍, pinguas, marquin",2025-10-24
2025-10-26,Incantation,2022,https://boxd.it/buEwQB,3.5,Yes,"marquin, tori, qvt, luigimec",2025-10-26
2025-10-27,The Batman vs. Dracula,2005,https://boxd.it/bvti5X,3,,l,2025-10-26
2025-10-28,Bridget Jones's Diary,2001,https://boxd.it/bw9HrX,2,,lia 💍,2025-10-27
2025-10-30,Elite Squad,2007,https://boxd.it/bx64iF,4,Yes,l,2025-10-29
2025-10-30,Elite Squad: The Enemy Within,2010,https://boxd.it/bx9JGJ,4.5,,l,2025-10-29
2025-10-30,City of God,2002,https://boxd.it/bxucwN,4.5,,l,2025-10-29
2025-11-01,The Invisible Guest,2016,https://boxd.it/byKzyt,4,Yes,ospinos,2025-10-31
2025-11-02,The Secret Agent,2025,https://boxd.it/bzwvZB,4.5,,"cine25, julio, cine, ospinos, malu",2025-11-01
2025-11-03,Batman and Harley Quinn,2017,https://boxd.it/bAtXXB,1.5,,lia 💍,2025-11-02
2025-11-05,Batman,1989,https://boxd.it/bBl9R7,3.5,,"l, namementioned",2025-11-03
2025-11-08,"Oh, Hi!",2025,https://boxd.it/bDvqmt,3,,"lia 💍, namementioned",2025-11-07
2025-11-12,Frankenstein,2025,https://boxd.it/bGAi3b,3.5,,"marquin, lia 💍, namementioned, pinguas",2025-11-11
2025-11-14,Batman Returns,1992,https://boxd.it/bHzvIj,3,,l,2025-11-13
2025-11-14,Guillermo del Toro's Pinocchio,2022,https://boxd.it/bHQeqh,4,,l,2025-11-13
2025-11-16,The Usual Suspects,1995,https://boxd.it/bJ1Bgb,3.5,,lia 💍,2025-11-15
2025-11-16,Memories of Murder,2003,https://boxd.it/bJdT8X,4,Yes,ospinos,2025-11-15
2025-11-17,Predator,1987,https://boxd.it/bK92WB,3,,"marquin, luigimec, lia 💍",2025-11-16
2025-11-18,The Shape of Water,2017,https://boxd.it/bKxubV,3.5,,l,2025-11-17
2025-11-21,A Better Tomorrow,1986,https://boxd.it/bMctWd,3,,"lia 💍, marquin, luigimec, qvt",2025-11-20
2025-11-22,Brothers,2009,https://boxd.it/bNdY6j,3.5,,"l, namementioned",2025-11-21
2025-11-25,Superbad,2007,https://boxd.it/bPIixx,3.5,,lia 💍,2025-11-24
2025-11-29,Confessions of a Shopaholic,2009,https://boxd.it/bRIDDf,2,,lia 💍,2025-11-28
2025-12-01,Pain & Glory,2025,https://boxd.it/bTDWN7,1.5,,,2025-11-30
2025-12-06,Five Nights at Freddy's 2,2025,https://boxd.it/bWwj9l,0.5,,"l, cine, cine25",2025-12-05
2025-12-10,The Devil's Advocate,1997,https://boxd.it/bZlkYT,4,,l,2025-12-09
2025-12-10,Five Nights at Freddy's,2023,https://boxd.it/bZzkk3,1,,l,2025-12-09
2025-12-10,The Terminator,1984,https://boxd.it/bZLgX5,3.5,,"pinguas, lia 💍, fefys, namementioned",2025-12-09
2025-12-12,Pi,1998,https://boxd.it/c10PZJ,5,Yes,"lia 💍, pinguas, fefys",2025-12-11
2025-12-13,The Mortal Instruments: City of Bones,2013,https://boxd.it/c1Ct7V,2,,lia 💍,2025-12-12
2025-12-14,The Long Walk,2025,https://boxd.it/c2yJiB,2.5,,"pinguas, marquin, fefys, lia seb, namementioned",2025-12-13
2025-12-16,Terminator 2: Judgment Day,1991,https://boxd.it/c3JGvD,4.5,,"pinguas, namementioned",2025-12-14
2025-12-16,It Was Just an Accident,2025,https://boxd.it/c4lqu1,3.5,,"l, namementioned",2025-12-15
2025-12-21,Forgotten,2017,https://boxd.it/c8T5jP,4,Yes,ospinos,2025-12-20
2025-12-21,Red One,2024,https://boxd.it/c8TaVT,1.5,Yes,ospinos,2025-12-20
2025-12-23,Avatar: Fire and Ash,2025,https://boxd.it/cbgtg5,3,,"ospinos, cine25, cine",2025-12-22
2025-12-25,Predator: Badlands,2025,https://boxd.it/cd5SKv,3,,l,2025-12-24
2025-12-27,Wake Up Dead Man,2025,https://boxd.it/cfsgeZ,3.5,,ospinos,2025-12-25
2025-12-27,Beautiful Boy,2018,https://boxd.it/cfRYLN,4.5,,"lia 💍, namementioned",2025-12-26
2025-12-29,Blue Velvet,1986,https://boxd.it/ci29H1,4.5,,"l, namementioned",2025-12-28
2025-12-29,Die My Love,2025,https://boxd.it/ciqbWP,2.5,,lia 💍,2025-12-28
2025-12-31,Solaris,1972,https://boxd.it/ckxD6f,4.5,,"l, namementioned",2025-12-29
2026-01-01,Barry Lyndon,1975,https://boxd.it/clQR4p,5,,"ospinos, namementioned",2025-12-31
2026-01-02,Stranger Things 5: The Finale,2025,https://boxd.it/cmj0tf,1.5,,ospinos,2025-12-31
2026-01-02,We Need to Talk About Kevin,2011,https://boxd.it/cn3VS9,3.5,,l,2026-01-01
2026-01-03,Noah,2014,https://boxd.it/coTvGf,3,,"l, namementioned",2026-01-02
2026-01-04,The Perks of Being a Wallflower,2012,https://boxd.it/cqahBj,3,,l,2026-01-03
2026-01-04,Minority Report,2002,https://boxd.it/cqEQD5,3.5,,ospinos,2026-01-03
2026-01-06,"Step Aside, I'm the King of Capital",2025,https://boxd.it/csQRnf,0.5,,l,2026-01-04
2026-01-06,Steve,2025,https://boxd.it/csS0cx,3,,"l, namementioned",2026-01-05
2026-01-06,Sentimental Value,2025,https://boxd.it/ctul0D,4,,"cine, cine26, namementioned, l",2026-01-05
2026-01-06,Bugonia,2025,https://boxd.it/ctEb8R,3.5,,"pinguas, fefelios",2026-01-05
2026-01-07,The Killing of a Sacred Deer,2017,https://boxd.it/cuVlW1,2,,l,2026-01-06
2026-01-09,Alps,2011,https://boxd.it/cwvtm7,1,,l,2026-01-07
2026-01-10,Kinds of Kindness,2024,https://boxd.it/cxsIaX,1.5,,l,2026-01-08
2026-01-11,No Other Choice,2025,https://boxd.it/cz7309,4,,"pinguas, namementioned",2026-01-10
2026-01-16,Marty Supreme,2025,https://boxd.it/cETz9t,4.5,,"namementioned, lia 💍, cine, cine26",2026-01-15
2026-01-20,People We Meet on Vacation,2026,https://boxd.it/cIYu4p,2,,lia 💍,2026-01-16
2026-01-20,Star Wars: Episode I – The Phantom Menace,1999,https://boxd.it/cIYBDr,3.5,Yes,lia 💍,2026-01-19
2026-01-20,Star Wars: Episode II – Attack of the Clones,2002,https://boxd.it/cJlqBF,3,Yes,lia 💍,2026-01-19
2026-01-20,Star Wars: Episode III – Revenge of the Sith,2005,https://boxd.it/cJwHzD,4,Yes,lia 💍,2026-01-19
2026-01-21,Star Wars,1977,https://boxd.it/cKluNJ,4,Yes,lia 💍,2026-01-20
2026-01-22,The Empire Strikes Back,1980,https://boxd.it/cKTZID,5,Yes,lia 💍,2026-01-21
2026-01-22,Return of the Jedi,1983,https://boxd.it/cLjuax,4,Yes,lia 💍,2026-01-21
2026-01-22,Oldboy,2003,https://boxd.it/cLjKdx,4.5,Yes,"ospinos, namementioned",2026-01-21
2026-01-23,The Lord of the Rings: The Fellowship of the Ring,2001,https://boxd.it/cMduP3,4,Yes,"pinguas, namementioned",2026-01-22
2026-01-24,Hamnet,2025,https://boxd.it/cMQ6rJ,3.5,,"cine, cine26, ospinos",2026-01-23
2026-01-25,The Lord of the Rings: The Two Towers,2002,https://boxd.it/cNAUK9,4.5,Yes,l,2026-01-24
2026-01-25,The Lord of the Rings: The Return of the King,2003,https://boxd.it/cOniIx,5,Yes,"braga, namementioned, cine, cine26",2026-01-24
2026-01-26,Train Dreams,2025,https://boxd.it/cPMV67,3.5,,l,2026-01-25
2026-01-27,People We Meet on Vacation,2026,https://boxd.it/cQSB3t,1.5,Yes,lia 💍,2026-01-26
2026-01-28,Marty Supreme,2025,https://boxd.it/cRBnHf,4.5,Yes,"cine, cine26, ospinos",2026-01-27
2026-01-28,Gone Girl,2014,https://boxd.it/cRXd5f,4,Yes,lia 💍,2026-01-27
2026-01-29,The Room,2003,https://boxd.it/cShgv1,0.5,,l,2026-01-28
2026-01-29,28 Years Later: The Bone Temple,2026,https://boxd.it/cSIZLR,4,,"julio, malu, cine, cine26",2026-01-28
2026-01-30,Rear Window,1954,https://boxd.it/cTFsVn,5,,"pinguas, namementioned",2026-01-29
2026-01-31,After,2019,https://boxd.it/cUBBYr,0.5,,"lia 💍, namementioned",2026-01-30
2026-02-02,The Running Man,2025,https://boxd.it/cWXyKt,2.5,,"lia 💍, pinguas, marquin, fefelios, tori, namementioned",2026-02-01
2026-02-04,Escape from Alcatraz,1979,https://boxd.it/cYw0fb,3.5,,lia 💍,2026-02-03
2026-02-04,Milk & Serial,2024,https://boxd.it/cYHqpt,3,,l,2026-02-03
2026-02-04,Eyes Wide Shut,1999,https://boxd.it/cYSPMJ,4,,"pinguas, fefelios",2026-02-03
2026-02-05,The Housemaid,2025,https://boxd.it/cZIifh,2,,"lia 💍, pinguas, marquin, tori, fefelios, gui",2026-02-04
2026-02-06,The Descent,2005,https://boxd.it/d0be8p,3.5,,l,2026-02-05
2026-02-06,The Descent: Part 2,2009,https://boxd.it/d0iPZJ,1.5,,l,2026-02-05
2026-02-06,Little Women,2019,https://boxd.it/d0tE6b,3.5,,"lia 💍, namementioned",2026-02-05
2026-02-07,Full Metal Jacket,1987,https://boxd.it/d1pkAh,4.5,Yes,"lia 💍, pinguas",2026-02-06
2026-02-09,Martyrs,2008,https://boxd.it/d2RbD7,1,,l,2026-02-08
2026-02-09,Mulholland Drive,2001,https://boxd.it/d3nSAf,5,,"l, namementioned",2026-02-08
2026-02-10,Twin Peaks: Fire Walk with Me,1992,https://boxd.it/d3KaC3,5,,"l, c",2026-02-08
2026-02-10,Twin Peaks: The Missing Pieces,2014,https://boxd.it/d3ZlYp,3,,l,2026-02-09
2026-02-11,Watching the Detectives,2007,https://boxd.it/d4NSNz,3.5,,lia 💍,2026-02-10
2026-02-11,The Backrooms (Found Footage),2022,https://boxd.it/d4Y9aJ,2.5,,l,2026-02-10
2026-02-12,The Thing,1982,https://boxd.it/d5JqcB,5,Yes,"namementioned, ospinos",2026-02-11
2026-02-13,V/H/S/Beyond,2024,https://boxd.it/d6w34H,1.5,,pinguas,2026-02-12
2026-02-14,Scarface,1983,https://boxd.it/d7jwfd,4,,ospinos,2026-02-13
2026-02-15,Wrong Turn,2003,https://boxd.it/d87Hxn,1.5,,ospinos,2026-02-14
2026-02-15,Wild at Heart,1990,https://boxd.it/d8w4eh,3.5,,"lia 💍, namementioned",2026-02-14
2026-02-17,Hellraiser,1987,https://boxd.it/daDFnn,3,,pinguas,2026-02-16
2026-02-18,The Girl Who Cried Pearls,2025,https://boxd.it/db67Zl,4,,"c, l",2026-02-17
2026-02-18,Butterfly,2024,https://boxd.it/db6TkP,3,,l,2026-02-17
2026-02-18,Forevergreen,2025,https://boxd.it/dbdRSz,3,,l,2026-02-17
2026-02-18,Retirement Plan,2024,https://boxd.it/dbeKop,3.5,,l,2026-02-17
2026-02-18,The Three Sisters,2024,https://boxd.it/dbhffH,1,,l,2026-02-17
2026-02-18,The Singers,2025,https://boxd.it/dbq2NJ,3,,l,2026-02-17
2026-02-19,Heat,1995,https://boxd.it/dcqMpn,4.5,,"namementioned, l",2026-02-18
2026-02-20,All the Empty Rooms,2025,https://boxd.it/dcXyXL,3.5,,l,2026-02-19
2026-02-20,Two People Exchanging Saliva,2024,https://boxd.it/dd5389,3.5,,l,2026-02-19
2026-02-21,Cold Storage,2026,https://boxd.it/dejAcZ,2.5,,namementioned,2026-02-20
2026-02-23,Fantastic Planet,1973,https://boxd.it/dfR53z,4,,l,2026-02-22
2026-02-24,Scary Movie 3,2003,https://boxd.it/dgYZoh,1.5,Yes,l,2026-02-23
2026-02-24,The Game,1997,https://boxd.it/dhsoZv,4,,pinguas,2026-02-23
2026-02-25,Army of Darkness,1992,https://boxd.it/dhXkul,3.5,,l,2026-02-24
2026-02-26,Dog Day Afternoon,1975,https://boxd.it/diMIDN,4.5,,l,2026-02-25
2026-02-26,Fake Blonde,2007,https://boxd.it/dj7OUd,4,,pinguas,2026-02-25
2026-02-28,Airplane!,1980,https://boxd.it/dkbC05,3.5,,"l, namementioned",2026-02-27
2026-02-28,Jumper,2008,https://boxd.it/dkBiJh,2.5,,"lia 💍, namementioned",2026-02-27
2026-03-03,Ready or Not,2019,https://boxd.it/dnjPxJ,3,,pinguas,2026-03-02
2026-03-07,There Will Be Blood,2007,https://boxd.it/dpTe1h,4.5,,lia 💍,2026-03-06
2026-03-07,Sentimental Value,2025,https://boxd.it/dq87il,4,Yes,"marquin, tori, pinguas, fefelios",2026-03-06
2026-03-08,Green Vinyl,2004,https://boxd.it/dqEYix,3.5,,"namementioned, l",2026-03-07
2026-03-08,Romeo and Juliet,1968,https://boxd.it/dr1oE9,2.5,,"lia 💍, namementioned",2026-03-07
2026-03-09,Rope,1948,https://boxd.it/ds0GH3,4,,lia 💍,2026-03-08
2026-03-09,Little Italy,2018,https://boxd.it/ds76DX,2.5,,"lia 💍, namementioned",2026-03-08
2026-03-15,Project Hail Mary,2026,https://boxd.it/dwGnrb,4.5,,"julio, malu, cine, cine26, namementioned",2026-03-14
2026-03-16,Dr. Strangelove or: How I Learned to Stop Worrying and Love the Bomb,1964,https://boxd.it/dx65m5,4.5,,l,2026-03-15
