Date,Name,Year,Letterboxd URI,Rating
2023-07-21,[REC],2007,https://boxd.it/20ma,4
2023-07-21,Star Wars: Episode III – Revenge of the Sith,2005,https://boxd.it/27US,4
2023-07-21,Venom,2018,https://boxd.it/b8wA,2.5
2023-07-21,Back to the Future Part III,1990,https://boxd.it/2aTS,3
2023-07-21,Back to the Future Part II,1989,https://boxd.it/2aYI,3.5
2023-07-21,The Karate Kid Part II,1986,https://boxd.it/1ZJM,2.5
2023-07-21,Top Gun,1986,https://boxd.it/29JC,3.5
2023-07-21,The Karate Kid,1984,https://boxd.it/27Wk,3.5
2023-07-21,Star Wars,1977,https://boxd.it/72s,4
2023-07-21,Return of the Jedi,1983,https://boxd.it/27Vm,4
2023-07-21,The Mask,1994,https://boxd.it/29rS,2.5
2023-07-21,The Truman Show,1998,https://boxd.it/18U8,4
2023-07-21,Shrek,2001,https://boxd.it/29zi,3
2023-07-21,Lilo & Stitch,2002,https://boxd.it/1TAY,3
2023-07-21,Madagascar,2005,https://boxd.it/29dc,2.5
2023-07-21,The Incredibles,2004,https://boxd.it/1XLm,2.5
2023-07-21,Shrek 2,2004,https://boxd.it/29z8,3
2023-07-21,Click,2006,https://boxd.it/1YVM,3
2023-07-21,Madagascar 3: Europe's Most Wanted,2012,https://boxd.it/2NF6,2
2023-07-21,Puss in Boots,2011,https://boxd.it/eL34,2
2023-07-21,Harry Potter and the Deathly Hallows: Part 2,2011,https://boxd.it/1RYk,4
2023-07-21,Kung Fu Panda 2,2011,https://boxd.it/G36,4
2023-07-21,The Karate Kid,2010,https://boxd.it/15HA,3
2023-07-21,Megamind,2010,https://boxd.it/16Sk,2
2023-07-21,Shrek Forever After,2010,https://boxd.it/1WRo,2.5
2023-07-21,How to Train Your Dragon,2010,https://boxd.it/1WRy,3.5
2023-07-21,Ice Age: Dawn of the Dinosaurs,2009,https://boxd.it/20iC,3.5
2023-07-21,Up,2009,https://boxd.it/1OEc,4
2023-07-21,Monsters vs Aliens,2009,https://boxd.it/1M50,1.5
2023-07-21,Bee Movie,2007,https://boxd.it/22Vw,2
2023-07-21,Speed Racer,2008,https://boxd.it/20UQ,3
2023-07-21,Madagascar: Escape 2 Africa,2008,https://boxd.it/1W2K,2
2023-07-21,Harry Potter and the Order of the Phoenix,2007,https://boxd.it/29Qe,3.5
2023-07-21,Shrek the Third,2007,https://boxd.it/29yY,2
2023-07-21,Meet the Robinsons,2007,https://boxd.it/28Ym,1
2023-07-21,Spider-Man: Homecoming,2017,https://boxd.it/aboM,2.5
2023-07-21,Cars 3,2017,https://boxd.it/7IPq,2.5
2023-07-21,Suicide Squad,2016,https://boxd.it/9row,1
2023-07-21,Zootopia,2016,https://boxd.it/84xS,3.5
2023-07-21,Deadpool,2016,https://boxd.it/9fOC,3.5
2023-07-21,Ant-Man,2015,https://boxd.it/3vmW,2
2023-07-21,Avengers: Age of Ultron,2015,https://boxd.it/3qi6,2.5
2023-07-21,Big Hero 6,2014,https://boxd.it/5rje,3
2023-07-21,The Wolf of Wall Street,2013,https://boxd.it/3C1m,4
2023-07-21,Thor: The Dark World,2013,https://boxd.it/2DqA,1.5
2023-07-21,Death Note,2017,https://boxd.it/bOS4,0.5
2023-07-21,Thor: Ragnarok,2017,https://boxd.it/8MHi,3
2023-07-21,Justice League,2017,https://boxd.it/4w68,1
2023-07-21,The Suicide Squad,2021,https://boxd.it/fw6O,3.5
2023-07-21,Venom: Let There Be Carnage,2021,https://boxd.it/llco,1
2023-07-21,Bodies Bodies Bodies,2022,https://boxd.it/iRcE,3
2023-07-21,Thor: Love and Thunder,2022,https://boxd.it/mMAY,0.5
2023-07-21,Bullet Train,2022,https://boxd.it/qW26,3.5
2023-07-21,The Menu,2022,https://boxd.it/lScm,4
2023-07-21,Oppenheimer,2023,https://boxd.it/wUow,5
2023-07-21,The Lord of the Rings: The Return of the King,2003,https://boxd.it/2b5u,5
2023-07-21,The Hunger Games,2012,https://boxd.it/2uds,4
2023-07-21,The Hunger Games: Mockingjay – Part 2,2015,https://boxd.it/4hk0,3.5
2023-07-21,The Nightmare Before Christmas,1993,https://boxd.it/1YzQ,3.5
2023-07-22,The Thing,2011,https://boxd.it/eS6,2.5
2023-07-22,Sleeping Beauty,1959,https://boxd.it/1V9A,3.5
2023-07-22,Snow White and the Seven Dwarfs,1937,https://boxd.it/2arO,3
2023-07-22,Dumbo,1941,https://boxd.it/1U2o,3
2023-07-22,Aladdin,1992,https://boxd.it/29yE,2
2023-07-22,A Goofy Movie,1995,https://boxd.it/1Lwu,1.5
2023-07-22,Pocahontas,1995,https://boxd.it/1W2g,2.5
2023-07-22,Hercules,1997,https://boxd.it/1SDW,1.5
2023-07-22,The Emperor's New Groove,2000,https://boxd.it/1Tey,0.5
2023-07-22,Chicken Little,2005,https://boxd.it/1Xnu,1.5
2023-07-22,Enchanted,2007,https://boxd.it/24co,0.5
2023-07-22,X-Men,2000,https://boxd.it/1a7s,2
2023-07-22,The Wolverine,2013,https://boxd.it/2CWU,2
2023-07-22,Iron Man 2,2010,https://boxd.it/1WZM,2
2023-07-22,Thor,2011,https://boxd.it/1WQU,2
2023-07-22,Men in Black II,2002,https://boxd.it/2a0y,2
2023-07-22,X-Men Origins: Wolverine,2009,https://boxd.it/27ug,2
2023-07-22,Kick-Ass,2010,https://boxd.it/1zaQ,3
2023-07-22,Men in Black 3,2012,https://boxd.it/103U,3.5
2023-07-22,Five Feet Apart,2019,https://boxd.it/jaAK,1.5
2023-07-22,Happy Death Day,2017,https://boxd.it/fDz4,3.5
2023-07-22,Haunt,2019,https://boxd.it/iK78,3
2023-07-22,The Taking of Deborah Logan,2014,https://boxd.it/9r3o,2
2023-07-22,Paranormal Activity 2,2010,https://boxd.it/ZnO,2.5
2023-07-22,Paranormal Activity 3,2011,https://boxd.it/2o4O,2
2023-07-22,Paranormal Activity 4,2012,https://boxd.it/2UGq,2
2023-07-22,Annabelle: Creation,2017,https://boxd.it/dSxe,3
2023-07-22,I Am Legend,2007,https://boxd.it/21DG,4
2023-07-22,The Pursuit of Happyness,2006,https://boxd.it/28PE,3.5
2023-07-22,Concussion,2015,https://boxd.it/aqIs,3
2023-07-22,After Earth,2013,https://boxd.it/2TSg,0.5
2023-07-22,Gemini Man,2019,https://boxd.it/gaUu,2.5
2023-07-22,Hancock,2008,https://boxd.it/1Zv6,3
2023-07-22,Shark Tale,2004,https://boxd.it/1VYe,1.5
2023-07-22,The Good Nurse,2022,https://boxd.it/jIXI,2.5
2023-07-22,The Babadook,2014,https://boxd.it/77xu,4
2023-07-22,The Maze Runner,2014,https://boxd.it/5YPM,4
2023-07-22,Maze Runner: The Scorch Trials,2015,https://boxd.it/9hwA,2
2023-07-22,Maze Runner: The Death Cure,2018,https://boxd.it/bakw,3
2023-07-22,Machine Gun Kelly's Life In Pink,2022,https://boxd.it/BlA8,3.5
2023-07-22,Murder on the Orient Express,2017,https://boxd.it/dHjA,3.5
2023-07-22,Nerve,2016,https://boxd.it/aJIc,3
2023-07-22,Run,2020,https://boxd.it/jVM4,3
2023-07-22,Fractured,2019,https://boxd.it/kPL2,3.5
2023-07-22,A Whisker Away,2020,https://boxd.it/oQEa,2.5
2023-07-22,Train to Busan,2016,https://boxd.it/dSQU,4
2023-07-22,Host,2020,https://boxd.it/r5O4,2.5
2023-07-22,Hush,2016,https://boxd.it/d5ys,3
2023-07-22,Insidious,2010,https://boxd.it/H4k,3
2023-07-22,Insidious: The Last Key,2018,https://boxd.it/ej2C,2.5
2023-07-22,Lights Out,2016,https://boxd.it/bAHc,2.5
2023-07-22,The Visit,2015,https://boxd.it/9ssO,3.5
2023-07-22,Now You See Me,2013,https://boxd.it/2Bsu,3.5
2023-07-22,Now You See Me 2,2016,https://boxd.it/99fw,2
2023-07-22,Searching,2018,https://boxd.it/hDPg,3.5
2023-07-22,The Purge,2013,https://boxd.it/4Xg0,3
2023-07-22,If I Stay,2014,https://boxd.it/7iM6,3.5
2023-07-22,Spanglish,2004,https://boxd.it/26Cy,2.5
2023-07-22,Grown Ups 2,2013,https://boxd.it/3GAq,2.5
2023-07-22,50 First Dates,2004,https://boxd.it/285c,3
2023-07-22,Blended,2014,https://boxd.it/6QQY,2.5
2023-07-22,You Don't Mess with the Zohan,2008,https://boxd.it/1VHs,1.5
2023-07-22,That's My Boy,2012,https://boxd.it/35IW,1.5
2023-07-22,Murder Mystery,2019,https://boxd.it/iEBm,2.5
2023-07-22,The Longest Yard,2005,https://boxd.it/1Z3c,2
2023-07-22,Hotel Transylvania,2012,https://boxd.it/2DF6,2.5
2023-07-22,The Last Airbender,2010,https://boxd.it/1WQK,0.5
2023-07-22,Dragonball Evolution,2009,https://boxd.it/1ODy,0.5
2023-07-22,Swiped,2018,https://boxd.it/juNE,0.5
2023-07-22,Jeepers Creepers: Reborn,2022,https://boxd.it/qSS8,0.5
2023-07-22,Slender Man,2018,https://boxd.it/fBcs,1
2023-07-22,The Kissing Booth 3,2021,https://boxd.it/rhOA,0.5
2023-07-22,The Kissing Booth 2,2020,https://boxd.it/lrky,0.5
2023-07-22,The Kissing Booth,2018,https://boxd.it/geR0,0.5
2023-07-22,Son of the Mask,2005,https://boxd.it/1WNQ,1
2023-07-22,Saving Christmas,2014,https://boxd.it/9mMS,0.5
2023-07-22,Sharknado,2013,https://boxd.it/69Qc,0.5
2023-07-22,Sharknado 2: The Second One,2014,https://boxd.it/7hGQ,1
2023-07-22,The Shallows,2016,https://boxd.it/aXgQ,1.5
2023-07-22,Megalodon,2018,https://boxd.it/j1Sq,1.5
2023-07-22,The Lost World: Jurassic Park,1997,https://boxd.it/2azS,2
2023-07-22,Fantastic Beasts and Where to Find Them,2016,https://boxd.it/7FPC,2
2023-07-22,Blood Diamond,2006,https://boxd.it/28Tm,3.5
2023-07-22,Fracture,2007,https://boxd.it/220K,3
2023-07-22,Extraction 2,2023,https://boxd.it/q4Zo,2.5
2023-07-22,Extraction,2020,https://boxd.it/jUjA,3
2023-07-22,Neighbors,2014,https://boxd.it/5Txe,1
2023-07-22,Neighbors 2: Sorority Rising,2016,https://boxd.it/aA80,1.5
2023-07-22,Jumanji,1995,https://boxd.it/1ZLI,3.5
2023-07-22,Zathura: A Space Adventure,2005,https://boxd.it/21mq,2.5
2023-07-22,Jumanji: Welcome to the Jungle,2017,https://boxd.it/bUeE,2.5
2023-07-22,Jumanji: The Next Level,2019,https://boxd.it/ixu4,2
2023-07-22,The Social Dilemma,2020,https://boxd.it/opQI,4
2023-07-22,6 Underground,2019,https://boxd.it/irU6,2
2023-07-22,What Happened to Monday,2017,https://boxd.it/ejUu,3
2023-07-22,Matilda,1996,https://boxd.it/1VhY,2
2023-07-22,Enola Holmes,2020,https://boxd.it/hX2o,2
2023-07-22,Godzilla vs. Kong,2021,https://boxd.it/e0qK,2
2023-07-22,Mission: Impossible – Ghost Protocol,2011,https://boxd.it/psI,3.5
2023-07-22,Mission: Impossible II,2000,https://boxd.it/29cS,2
2023-07-22,Mission: Impossible III,2006,https://boxd.it/29cI,3
2023-07-22,Mission: Impossible – Rogue Nation,2015,https://boxd.it/5rI4,3
2023-07-22,Elysium,2013,https://boxd.it/2cBm,2
2023-07-22,The Simpsons Movie,2007,https://boxd.it/6YU,2.5
2023-07-22,Ted 2,2015,https://boxd.it/6oCY,2
2023-07-22,Ted,2012,https://boxd.it/2pgc,2
2023-07-24,Missing,2023,https://boxd.it/sS1W,3
2023-07-24,Alvin and the Chipmunks,2007,https://boxd.it/21E0,2.5
2023-07-24,Alvin and the Chipmunks: The Squeakquel,2009,https://boxd.it/1zgk,2
2023-07-24,Despicable Me,2010,https://boxd.it/1DD8,2
2023-07-24,Despicable Me 2,2013,https://boxd.it/3gg0,1
2023-07-24,Minions: The Rise of Gru,2022,https://boxd.it/fz9w,1.5
2023-07-24,Minions,2015,https://boxd.it/6jCO,2
2023-07-24,Ice Age,2002,https://boxd.it/2apS,3
2023-07-24,Ice Age: Continental Drift,2012,https://boxd.it/lQ2,2
2023-07-24,The Croods,2013,https://boxd.it/FRE,2
2023-07-24,The Croods: A New Age,2020,https://boxd.it/jeHK,2
2023-07-24,Over the Hedge,2006,https://boxd.it/20QY,2
2023-07-24,The Chronicles of Narnia: Prince Caspian,2008,https://boxd.it/26Hy,2.5
2023-07-24,The Chronicles of Narnia: The Voyage of the Dawn Treader,2010,https://boxd.it/1WZs,2
2023-07-24,The Spiderwick Chronicles,2008,https://boxd.it/20v2,1
2023-07-24,Alice in Wonderland,2010,https://boxd.it/1Spq,3
2023-07-24,Epic,2013,https://boxd.it/3SNm,2
2023-07-24,In the Heart of the Sea,2015,https://boxd.it/6avY,3.5
2023-07-28,The Others,2001,https://boxd.it/27Po,3
2023-07-29,Black Panther: Wakanda Forever,2022,https://boxd.it/igPu,1.5
2023-07-29,Curve,2016,https://boxd.it/dFF0,2
2023-07-29,Teen Beach Movie,2013,https://boxd.it/5rKa,2
2023-07-29,10 Things I Hate About You,1999,https://boxd.it/23AO,3.5
2023-07-29,Unfriended,2014,https://boxd.it/8sXg,2
2023-07-29,Unrest,2006,https://boxd.it/1X80,2
2023-07-29,X2,2003,https://boxd.it/1a7i,1
2023-07-29,Home on the Range,2004,https://boxd.it/1PB4,1
2023-07-29,A Bug's Life,1998,https://boxd.it/1Yyy,1
2023-07-29,Hotel Transylvania 3: Summer Vacation,2018,https://boxd.it/e1zI,1
2023-07-29,Hotel Transylvania 2,2015,https://boxd.it/4ZLk,1
2023-07-29,Saw II,2005,https://boxd.it/2aRs,3
2023-07-29,Despicable Me 3,2017,https://boxd.it/azpu,1
2023-07-29,X-Men: First Class,2011,https://boxd.it/FOA,1
2023-07-29,X-Men: The Last Stand,2006,https://boxd.it/1a5Q,1
2023-07-31,Pirates of the Caribbean: Dead Man's Chest,2006,https://boxd.it/2bfk,3.5
2023-07-31,Pirates of the Caribbean: Dead Men Tell No Tales,2017,https://boxd.it/5a9m,2
2023-07-31,Paranormal Activity,2007,https://boxd.it/1yIM,3
2023-07-31,Jurassic World Dominion,2022,https://boxd.it/ikXW,1
2023-07-31,Jurassic World: Fallen Kingdom,2018,https://boxd.it/bOnU,2
2023-07-31,The Empire Strikes Back,1980,https://boxd.it/27Vw,5
2023-08-01,Saw V,2008,https://boxd.it/1SMa,2.5
2023-08-01,Saw,2003,https://boxd.it/7eiG,3.5
2023-08-01,The Fast and the Furious: Tokyo Drift,2006,https://boxd.it/1Yeo,3.5
2023-08-01,Fast & Furious Presents: Hobbs & Shaw,2019,https://boxd.it/dnDA,1.5
2023-08-01,The Fate of the Furious,2017,https://boxd.it/bbCw,1
2023-08-01,Fast & Furious 6,2013,https://boxd.it/2UG6,1
2023-08-01,Fast & Furious,2009,https://boxd.it/1Pnm,1
2023-08-01,Furious 7,2015,https://boxd.it/5cVs,3
2023-08-01,The Fast and the Furious,2001,https://boxd.it/1XMu,1.5
2023-08-01,F9,2021,https://boxd.it/dqsU,1
2023-08-01,2 Fast 2 Furious,2003,https://boxd.it/2a4g,0.5
2023-08-01,Fast X,2023,https://boxd.it/drIu,1
2023-08-02,Saw 3D,2010,https://boxd.it/Znk,2.5
2023-08-03,Avatar,2009,https://boxd.it/1Efm,3.5
2023-08-03,Saw VI,2009,https://boxd.it/1A2y,3
2023-08-04,The Nun,2018,https://boxd.it/fBkw,1.5
2023-08-06,Annabelle,2014,https://boxd.it/7l84,1.5
2023-08-06,Jigsaw,2017,https://boxd.it/9sDs,1.5
2023-08-07,TRON: Legacy,2010,https://boxd.it/1Dlo,2
2023-08-08,Scary Movie 4,2006,https://boxd.it/24B4,1
2023-08-08,Superhero Movie,2008,https://boxd.it/1SM0,1
2023-08-08,Ghostbusters,2016,https://boxd.it/Vm8,1
2023-08-09,God's Not Dead,2014,https://boxd.it/7jAg,0.5
2023-08-09,God's Not Dead 2,2016,https://boxd.it/bDUS,0.5
2023-08-09,God's Not Dead: A Light in Darkness,2018,https://boxd.it/gcyq,0.5
2023-08-09,God's Not Dead: We The People,2020,https://boxd.it/tPU2,0.5
2023-08-18,Paranormal Activity: Tokyo Night,2010,https://boxd.it/i5i,1.5
2023-08-20,Birds of Prey (and the Fantabulous Emancipation of One Harley Quinn),2020,https://boxd.it/hSyO,1.5
2023-08-22,Ant-Man and the Wasp,2018,https://boxd.it/cqUW,1.5
2023-08-22,Ant-Man and the Wasp: Quantumania,2023,https://boxd.it/nL2y,0.5
2023-08-26,Talk to Me,2022,https://boxd.it/C6uQ,3.5
2023-09-04,Cargo,2017,https://boxd.it/f55Y,3
2023-09-08,Pan's Labyrinth,2006,https://boxd.it/28No,4.5
2023-09-08,The Shining,1980,https://boxd.it/29Nu,5
2023-09-10,Before I Wake,2016,https://boxd.it/9BgC,2.5
2023-09-10,The Black Demon,2023,https://boxd.it/xD8y,2
2023-09-14,Rio,2011,https://boxd.it/NKc,3
2023-09-14,Rio 2,2014,https://boxd.it/5jfy,2.5
2023-09-16,The SpongeBob Movie: Sponge Out of Water,2015,https://boxd.it/6JxU,2
2023-09-17,Don't Breathe,2016,https://boxd.it/9yzw,3.5
2023-09-19,Rocky,1976,https://boxd.it/28Uk,3.5
2023-09-20,The Lodge,2019,https://boxd.it/h2c2,3
2023-09-24,The Social Network,2010,https://boxd.it/17ue,4
2023-09-24,Hostel,2005,https://boxd.it/28ig,3
2023-09-24,Fifty Shades of Grey,2015,https://boxd.it/6qLo,0.5
2023-09-26,Elemental,2023,https://boxd.it/ASiE,1.5
2023-09-26,No One Gets Out Alive,2021,https://boxd.it/rOay,1.5
2023-09-28,Us,2019,https://boxd.it/gnV6,3
2023-09-28,Terrifier 2,2022,https://boxd.it/oI10,1.5
2023-10-01,The Invitation,2015,https://boxd.it/9OUU,1.5
2023-10-01,Parasite,2019,https://boxd.it/hTha,5
2023-10-01,Forgotten,2017,https://boxd.it/hAJE,4
2023-10-02,Harry Potter and the Philosopher's Stone,2001,https://boxd.it/29QS,3
2023-10-02,Ouija,2014,https://boxd.it/77SM,0.5
2023-10-03,The Empty Man,2020,https://boxd.it/iIWS,3
2023-10-09,Doctor Strange in the Multiverse of Madness,2022,https://boxd.it/gaTc,1.5
2023-10-09,Fantastic Four: Rise of the Silver Surfer,2007,https://boxd.it/27Ii,1.5
2023-10-09,Men in Black: International,2019,https://boxd.it/hdJw,2
2023-10-09,Shazam! Fury of the Gods,2023,https://boxd.it/lV0S,1.5
2023-10-09,Star Wars: The Clone Wars,2008,https://boxd.it/1Sly,1.5
2023-10-09,Lilo & Stitch 2: Stitch Has a Glitch,2005,https://boxd.it/1CXw,2.5
2023-10-09,Halloween II,1981,https://boxd.it/1UeE,3
2023-10-12,Hereditary,2018,https://boxd.it/hNVe,4.5
2023-10-14,Scream 2,1997,https://boxd.it/24Es,3
2023-10-14,Friday the 13th,1980,https://boxd.it/24fs,3
2023-10-16,Frozen,2010,https://boxd.it/S8M,2
2023-10-16,The Ritual,2017,https://boxd.it/fo0I,3
2023-10-18,It Follows,2014,https://boxd.it/87wo,3.5
2023-10-19,Winnie the Pooh: Blood and Honey,2023,https://boxd.it/B1rg,0.5
2023-10-23,Dogtooth,2009,https://boxd.it/158K,4
2023-10-23,Climax,2018,https://boxd.it/ikvo,4
2023-10-23,Life,2017,https://boxd.it/dRqG,3
2023-10-26,Mara,2018,https://boxd.it/iCSU,1.5
2023-10-30,Killer Book Club,2023,https://boxd.it/Cdmu,0.5
2023-11-01,Psycho,1960,https://boxd.it/2ab2,4.5
2023-11-01,M3GAN,2022,https://boxd.it/jxmG,1.5
2023-11-01,Hostel: Part III,2011,https://boxd.it/2qoc,2
2023-11-07,Glass,2019,https://boxd.it/g3uO,3
2023-11-15,Fight Club,1999,https://boxd.it/2a9q,4.5
2023-12-13,The Hunt,2012,https://boxd.it/3wEC,5
2023-12-14,Charlie and the Chocolate Factory,2005,https://boxd.it/2b68,3
2023-12-19,"As Above, So Below",2014,https://boxd.it/7yui,1.5
2023-12-19,The Autopsy of Jane Doe,2016,https://boxd.it/dUu2,1.5
2023-12-19,A Serbian Film,2010,https://boxd.it/2wBc,0.5
2023-12-19,Green Room,2015,https://boxd.it/a75m,2.5
2023-12-20,Schumacher,2021,https://boxd.it/wk2k,4
2023-12-21,Zookeeper,2011,https://boxd.it/16gq,2.5
2023-12-24,Meet Joe Black,1998,https://boxd.it/2aEI,4
2023-12-24,Toy Story 2,1999,https://boxd.it/29qq,4
2023-12-25,Haunted Hospital: Heilstatten,2018,https://boxd.it/ggtk,0.5
2023-12-26,Till Luck Do Us Part,2012,https://boxd.it/4Rd0,2
2023-12-26,Till Luck Do Us Part 2,2013,https://boxd.it/6Jzm,1.5
2023-12-27,The Boy Who Harnessed the Wind,2019,https://boxd.it/hIgA,3.5
2023-12-30,Percy Jackson & the Olympians: The Lightning Thief,2010,https://boxd.it/1gJi,2
2024-01-01,Good Boy,2022,https://boxd.it/B9LI,1
2024-01-02,Gran Turismo,2023,https://boxd.it/B2lS,3
2024-01-04,Kong: Skull Island,2017,https://boxd.it/9ewM,2.5
2024-01-08,A Vampire in the Family,2023,https://boxd.it/JYhg,2.5
2024-01-08,Pulp Fiction,1994,https://boxd.it/29Pq,5
2024-01-09,Grown Ups,2010,https://boxd.it/169a,2
2024-01-11,The Prestige,2006,https://boxd.it/293w,5
2024-01-13,Cobweb,2023,https://boxd.it/qywG,3
2024-01-13,Just Another Christmas,2020,https://boxd.it/slKa,3
2024-01-14,Society of the Snow,2023,https://boxd.it/y9aw,4
2024-01-15,Creep,2014,https://boxd.it/7l4c,2.5
2024-01-16,Aquaman and the Lost Kingdom,2023,https://boxd.it/l1LS,1
2024-01-17,Folklore: The Long Pond Studio Sessions,2020,https://boxd.it/sRk4,4
2024-01-17,Hubie Halloween,2020,https://boxd.it/mQwm,1.5
2024-01-17,Unfriended: Dark Web,2018,https://boxd.it/ifs0,2.5
2024-01-17,X-Men: Apocalypse,2016,https://boxd.it/7eJi,1.5
2024-01-17,Sinister 2,2015,https://boxd.it/8L58,2.5
2024-01-17,How to Train Your Dragon 2,2014,https://boxd.it/2TRW,1.5
2024-01-17,Wreck-It Ralph,2012,https://boxd.it/2TTS,2.5
2024-01-17,Fast Five,2011,https://boxd.it/BgO,1
2024-01-17,Just Go with It,2011,https://boxd.it/Doq,2.5
2024-01-17,"Monsters, Inc.",2001,https://boxd.it/2a46,2.5
2024-01-20,Fear Street: 1978,2021,https://boxd.it/lLBu,3
2024-01-20,Fear Street: 1994,2021,https://boxd.it/lLBk,1.5
2024-01-20,Get Out,2017,https://boxd.it/eOCm,4
2024-01-22,Dogville,2003,https://boxd.it/2a8W,5
2024-01-25,Stuck,2020,https://boxd.it/rPKW,3
2024-01-25,Maleficent: Mistress of Evil,2019,https://boxd.it/eSig,2.5
2024-01-25,The Little Mermaid,1989,https://boxd.it/1WYO,3
2024-01-28,Forrest Gump,1994,https://boxd.it/728,4
2024-01-28,Passengers,2016,https://boxd.it/8lFu,2.5
2024-01-28,Next Floor,2008,https://boxd.it/3psY,3
2024-01-28,Beauty and the Beast,1991,https://boxd.it/1XhG,4
2024-01-28,A Dog's Purpose,2017,https://boxd.it/dgSI,3.5
2024-01-28,Frozen,2013,https://boxd.it/3GNa,3.5
2024-01-28,Hawking,2004,https://boxd.it/1dau,3.5
2024-01-28,Hustle,2022,https://boxd.it/qpig,3.5
2024-01-28,Moby Dick,1956,https://boxd.it/1Wvi,3.5
2024-01-28,A Nightmare on Elm Street,1984,https://boxd.it/2aw0,3.5
2024-01-28,Paddington,2014,https://boxd.it/3RKw,3.5
2024-01-28,Tangled,2010,https://boxd.it/15gO,3.5
2024-01-28,Pirates of the Caribbean: The Curse of the Black Pearl,2003,https://boxd.it/70G,3.5
2024-01-28,Toy Story,1995,https://boxd.it/29qA,3.5
2024-01-28,The Lion King,1994,https://boxd.it/201Q,3.5
2024-01-28,Happy Death Day 2U,2019,https://boxd.it/ixt6,3
2024-01-28,The Amazing Spider-Man 2,2014,https://boxd.it/3utM,3
2024-01-28,Maleficent,2014,https://boxd.it/3v1u,3
2024-01-28,Captain America: The First Avenger,2011,https://boxd.it/28b0,3
2024-01-28,The Sword in the Stone,1963,https://boxd.it/1ZdG,3
2024-01-28,How the Grinch Stole Christmas,2000,https://boxd.it/1ZHQ,3
2024-01-28,Men in Black,1997,https://boxd.it/2a0I,3
2024-01-28,Harry Potter and the Half-Blood Prince,2009,https://boxd.it/29FU,3
2024-01-28,The Hunchback of Notre Dame,1996,https://boxd.it/1VZQ,3
2024-01-29,Tarzan,1999,https://boxd.it/18YO,2.5
2024-01-29,Alvin and the Chipmunks: Chipwrecked,2011,https://boxd.it/s9E,2.5
2024-01-29,The Do-Over,2016,https://boxd.it/dA2C,2.5
2024-01-29,Sandy Wexler,2017,https://boxd.it/ePz4,2.5
2024-01-29,Insidious: Chapter 3,2015,https://boxd.it/8BkM,2.5
2024-01-29,Cars 2,2011,https://boxd.it/H4Y,2.5
2024-01-29,The Boogeyman,2023,https://boxd.it/jnna,2.5
2024-01-29,Mr. Deeds,2002,https://boxd.it/27BQ,2.5
2024-01-29,Insidious: Chapter 2,2013,https://boxd.it/3dqc,2.5
2024-01-29,Penguins of Madagascar,2014,https://boxd.it/89tc,2.5
2024-01-29,Ice Age: The Meltdown,2006,https://boxd.it/2wRk,2.5
2024-01-29,Toy Story 3,2010,https://boxd.it/1WRe,3
2024-01-31,Fear Street: 1666,2021,https://boxd.it/lLBE,2
2024-02-01,Truth or Dare,2018,https://boxd.it/grIA,1
2024-02-01,Countdown,2019,https://boxd.it/m83K,0.5
2024-02-01,The Thing,1982,https://boxd.it/294O,5
2024-02-01,Romeo + Juliet,1996,https://boxd.it/2ama,3.5
2024-02-03,Separation,2021,https://boxd.it/sxZm,0.5
2024-02-03,Code Geass: Lelouch of the Re;Surrection,2019,https://boxd.it/kfvM,3.5
2024-02-05,It,2017,https://boxd.it/bC8e,4
2024-02-05,Catch Me If You Can,2002,https://boxd.it/29VS,4.5
2024-02-05,Se7en,1995,https://boxd.it/29zs,4.5
2024-02-05,Baby Driver,2017,https://boxd.it/bhF2,4
2024-02-08,The Purge: Election Year,2016,https://boxd.it/ae5I,2.5
2024-02-08,The First Purge,2018,https://boxd.it/fJfk,1.5
2024-02-09,The Forever Purge,2021,https://boxd.it/mdzc,1.5
2024-02-09,Another Round,2020,https://boxd.it/lkba,4
2024-02-09,Fantastic Beasts: The Crimes of Grindelwald,2018,https://boxd.it/bg8G,1.5
2024-02-10,Django Unchained,2012,https://boxd.it/2cCk,5
2024-02-10,Spider-Man: No Way Home,2021,https://boxd.it/nwRw,2.5
2024-02-10,Rush Hour,1998,https://boxd.it/27pU,3.5
2024-02-11,The Quintessential Quintuplets Movie,2022,https://boxd.it/uUj8,3
2024-02-15,Coherence,2013,https://boxd.it/6xza,4
2024-02-20,High School Musical,2006,https://boxd.it/1V0y,2.5
2024-02-20,High School Musical 2,2007,https://boxd.it/1PIu,2
2024-03-28,Kung Fu Panda,2008,https://boxd.it/1Yws,3.5
2024-05-14,American Psycho,2000,https://boxd.it/28Vs,4.5
2024-05-19,The Beekeeper,2024,https://boxd.it/wJzS,2.5
2024-05-21,(500) Days of Summer,2009,https://boxd.it/1EmM,4.5
2024-05-23,Punch-Drunk Love,2002,https://boxd.it/20E4,4
2024-05-24,About Time,2013,https://boxd.it/43bI,3.5
2024-05-25,Transformers: Dark of the Moon,2011,https://boxd.it/16aC,0.5
2024-05-25,Transformers: Age of Extinction,2014,https://boxd.it/3d1m,0.5
2024-05-25,Aladdin,2019,https://boxd.it/eSjy,1
2024-05-25,The Jungle Book,2016,https://boxd.it/8wjk,2.5
2024-05-25,The Secret Life of Pets,2016,https://boxd.it/aJ5E,2
2024-05-25,Transformers: Revenge of the Fallen,2009,https://boxd.it/20gG,0.5
2024-05-25,Transformers: The Last Knight,2017,https://boxd.it/b8xo,0.5
2024-05-26,It Lives Inside,2023,https://boxd.it/CKzc,1.5
2024-05-26,Blade Runner 2049,2017,https://boxd.it/b8wK,3
2024-05-27,Primer,2004,https://boxd.it/6YA,4.5
2024-05-27,The Nice Guys,2016,https://boxd.it/94Hg,4
2024-05-28,Star Wars: Episode II – Attack of the Clones,2002,https://boxd.it/27V2,3
2024-05-28,Star Wars: Episode I – The Phantom Menace,1999,https://boxd.it/27Vc,3.5
2024-05-29,[REC]³ Genesis,2012,https://boxd.it/2N90,2
2024-05-29,[REC]⁴ Apocalypse,2014,https://boxd.it/5CE8,1
2024-05-29,Oldboy,2003,https://boxd.it/29R2,4.5
2024-05-29,Scary Movie 5,2013,https://boxd.it/24AU,1
2024-05-30,"Crazy, Stupid, Love.",2011,https://boxd.it/D9A,4.5
2024-05-30,Bruce Almighty,2003,https://boxd.it/2aCC,3
2024-05-30,Liar Liar,1997,https://boxd.it/28sg,3
2024-05-30,Yes Man,2008,https://boxd.it/1WPW,3
2024-05-30,Mr. Popper's Penguins,2011,https://boxd.it/kRS,2
2024-05-30,Midsommar,2019,https://boxd.it/jhxe,4
2024-05-31,The Snowman,2017,https://boxd.it/cVcc,1.5
2024-06-02,Malignant,2021,https://boxd.it/mViE,1.5
2024-06-06,Past Lives,2023,https://boxd.it/oNB8,4.5
2024-06-10,Blair Witch,2016,https://boxd.it/bO28,3
2024-06-26,Orphan,2009,https://boxd.it/1CgM,2.5
2024-07-02,Hell House LLC,2015,https://boxd.it/cdjy,1
2024-07-02,A Tale of Two Sisters,2003,https://boxd.it/248m,4
2024-07-03,The Uninvited,2009,https://boxd.it/1OrW,1
2024-07-04,It Comes at Night,2017,https://boxd.it/eLuk,1.5
2024-07-04,The Meyerowitz Stories (New and Selected),2017,https://boxd.it/dSp0,3.5
2024-07-04,Big Daddy,1999,https://boxd.it/1ZkW,3
2024-07-06,Bridge to Terabithia,2007,https://boxd.it/28YG,2
2024-07-06,Der Fuehrer's Face,1943,https://boxd.it/1fbO,3.5
2024-07-06,Anatomy of a Fall,2023,https://boxd.it/yuDE,5
2024-07-07,Knock at the Cabin,2023,https://boxd.it/npL2,2
2024-07-09,Predestination,2014,https://boxd.it/6bJM,3
2024-07-11,Would You Rather,2012,https://boxd.it/3m0W,2
2024-07-14,Skins,2017,https://boxd.it/fsVI,0.5
2024-07-14,When Evil Lurks,2023,https://boxd.it/rXBe,4
2024-07-19,Scream 3,2000,https://boxd.it/24Ei,2.5
2024-07-19,How to Lose a Guy in 10 Days,2003,https://boxd.it/1XwG,4
2024-07-20,A Quiet Place: Day One,2024,https://boxd.it/sDAi,2
2024-07-29,Deadpool 2,2018,https://boxd.it/dlLM,2
2024-07-31,Gen V - Prime Premiere,2023,https://boxd.it/IOUK,3.5
2024-07-31,Nope,2022,https://boxd.it/sDCe,3.5
2024-07-31,Unbreakable,2000,https://boxd.it/1XV2,4
2024-07-31,Signs,2002,https://boxd.it/26t2,2
2024-07-31,The Village,2004,https://boxd.it/21iS,2
2024-07-31,The Happening,2008,https://boxd.it/200o,1
2024-08-01,Spiral: From the Book of Saw,2021,https://boxd.it/meXk,1
2024-08-02,Gonjiam: Haunted Asylum,2018,https://boxd.it/ioyw,4
2024-08-04,The Silence of the Lambs,1991,https://boxd.it/2aHW,4
2024-08-04,The Invisible Guest,2016,https://boxd.it/euce,4
2024-08-04,The Handmaiden,2016,https://boxd.it/948A,4
2024-08-07,Rocky Balboa,2006,https://boxd.it/291q,4
2024-08-08,Doctor Strange,2016,https://boxd.it/8MH8,2.5
2024-08-08,E.T. the Extra-Terrestrial,1982,https://boxd.it/2a1G,3
2024-08-08,Dungeons & Dragons: Honor Among Thieves,2023,https://boxd.it/hN1A,3
2024-08-08,The Night House,2020,https://boxd.it/jZze,3
2024-08-08,The Body,2012,https://boxd.it/3Jsa,3.5
2024-08-08,Gattaca,1997,https://boxd.it/29Du,3.5
2024-08-08,mother!,2017,https://boxd.it/dgRU,3.5
2024-08-08,Annihilation,2018,https://boxd.it/9yzm,3.5
2024-08-08,Pinocchio,1940,https://boxd.it/1V8C,3
2024-08-08,One Hundred and One Dalmatians,1961,https://boxd.it/1SeC,3
2024-08-08,Moana,2016,https://boxd.it/8tfY,3
2024-08-08,Ring,1998,https://boxd.it/26tw,4
2024-08-10,Rise of the Guardians,2012,https://boxd.it/2PXw,2.5
2024-08-10,Totally Killer,2023,https://boxd.it/AOpG,2.5
2024-08-10,17 Again,2009,https://boxd.it/1Jnq,2.5
2024-08-10,Cinderella,1950,https://boxd.it/1Uki,3.5
2024-08-12,Ju-on: The Grudge,2002,https://boxd.it/1SY6,3.5
2024-08-14,Memento,2000,https://boxd.it/2bcK,4.5
2024-08-14,Evil Dead,2013,https://boxd.it/3GPq,4
2024-08-16,Black Swan,2010,https://boxd.it/Sw0,5
2024-08-16,Hotel Rwanda,2004,https://boxd.it/2aSA,3.5
2024-08-17,Rise of the Planet of the Apes,2011,https://boxd.it/cS4,2.5
2024-08-17,Evil Dead Rise,2023,https://boxd.it/qIvo,2
2024-08-17,The Gift,2015,https://boxd.it/aJMy,2.5
2024-08-17,Monster House,2006,https://boxd.it/1Z2e,2.5
2024-08-17,ParaNorman,2012,https://boxd.it/2FuY,2.5
2024-08-17,Pokémon Detective Pikachu,2019,https://boxd.it/fVA0,1.5
2024-08-17,Robots,2005,https://boxd.it/1Xve,2
2024-08-17,The Polar Express,2004,https://boxd.it/23am,2.5
2024-08-17,Wallace & Gromit: The Curse of the Were-Rabbit,2005,https://boxd.it/2ac0,1.5
2024-08-17,Rango,2011,https://boxd.it/QPk,3.5
2024-08-17,The Boss Baby,2017,https://boxd.it/9mfO,2
2024-08-17,Frankenweenie,2012,https://boxd.it/bPS,3.5
2024-08-17,The Lego Movie,2014,https://boxd.it/4pDO,2.5
2024-08-17,The Good Dinosaur,2015,https://boxd.it/3AD4,2
2024-08-17,Sound of Metal,2019,https://boxd.it/i7Q4,4
2024-08-18,My Fair Lady,1964,https://boxd.it/1UBI,3
2024-08-18,Alien: Romulus,2024,https://boxd.it/zGqO,4
2024-08-19,Aliens,1986,https://boxd.it/29PA,3.5
2024-08-19,Alien³,1992,https://boxd.it/20zS,2.5
2024-08-19,Reservoir Dogs,1992,https://boxd.it/2agc,4
2024-08-20,Alien Resurrection,1997,https://boxd.it/20zI,1.5
2024-08-20,Mary Poppins Returns,2018,https://boxd.it/e4nU,1.5
2024-08-21,Mamma Mia!,2008,https://boxd.it/1Tnq,4
2024-08-22,Black Mirror: The National Anthem,2011,https://boxd.it/hQYK,3
2024-08-22,Black Mirror: The Entire History of You,2011,https://boxd.it/hQZ4,3.5
2024-08-22,Black Mirror: Fifteen Million Merits,2011,https://boxd.it/hQYU,2.5
2024-08-22,Black Mirror: Arkangel,2017,https://boxd.it/hQXW,1.5
2024-08-22,"Love, Death & Robots: Bad Travelling",2022,https://boxd.it/BykM,4
2024-08-22,A Short Film About Killing,1988,https://boxd.it/1VtK,4.5
2024-08-22,Black Mirror: The Waldo Moment,2013,https://boxd.it/hRpQ,2
2024-08-23,"Love, Death & Robots: Zima Blue",2019,https://boxd.it/lJGM,3
2024-08-23,Black Mirror: Shut Up and Dance,2016,https://boxd.it/hRRq,3.5
2024-08-23,Black Mirror: Hang the DJ,2017,https://boxd.it/hQYA,4
2024-08-23,Black Mirror: White Bear,2013,https://boxd.it/hRpG,3
2024-08-24,Fantastic Mr. Fox,2009,https://boxd.it/1WyQ,4.5
2024-08-24,WALL·E,2008,https://boxd.it/1VEo,3.5
2024-08-24,Ratatouille,2007,https://boxd.it/27ww,4
2024-08-25,Snowden,2016,https://boxd.it/9CWO,2
2024-08-26,2001: A Space Odyssey,1968,https://boxd.it/2bf0,4.5
2024-08-27,Black Mirror: Mazey Day,2023,https://boxd.it/H7QS,1
2024-08-27,The First Omen,2024,https://boxd.it/fx08,2
2024-08-31,Old,2021,https://boxd.it/npKI,1.5
2024-09-05,Donnie Darko,2001,https://boxd.it/2b2A,4
2024-09-07,John Wick: Chapter 3 – Parabellum,2019,https://boxd.it/gmFw,3.5
2024-09-07,John Wick: Chapter 2,2017,https://boxd.it/ayGu,3.5
2024-09-08,Black Mirror: San Junipero,2016,https://boxd.it/k4aS,3
2024-09-13,Cast Away,2000,https://boxd.it/20i8,3.5
2024-09-13,A Man Called Otto,2022,https://boxd.it/zl06,3.5
2024-09-14,Exposure,2022,https://boxd.it/MlEc,2.5
2024-09-14,Alien,1979,https://boxd.it/2awY,4.5
2024-09-17,The Prodigy,2019,https://boxd.it/jnzg,1.5
2024-09-17,The Sorcerer's Apprentice,2010,https://boxd.it/1sGg,2.5
2024-09-18,The Mummy,1999,https://boxd.it/2a7a,3
2024-09-18,The Mummy Returns,2001,https://boxd.it/28cs,2.5
2024-09-18,The Shawshank Redemption,1994,https://boxd.it/2aHi,5
2024-09-18,The Fault in Our Stars,2014,https://boxd.it/6BQa,2.5
2024-09-18,Wonder,2017,https://boxd.it/ekeY,4
2024-09-19,Attack on Titan The Final Chapters: Special 2,2023,https://boxd.it/JyZw,4
2024-09-19,The Call,2020,https://boxd.it/l94W,1.5
2024-09-19,The Super Mario Bros. Movie,2023,https://boxd.it/i8C8,2.5
2024-09-19,Clash of the Titans,2010,https://boxd.it/1GfI,2.5
2024-09-21,Over the Garden Wall,2014,https://boxd.it/eqFw,4
2024-09-21,Rascal Does Not Dream of a Dreaming Girl,2019,https://boxd.it/l0cC,3.5
2024-09-21,Mulan,1998,https://boxd.it/1VFw,3.5
2024-09-21,Finding Nemo,2003,https://boxd.it/72i,3.5
2024-09-21,Cars,2006,https://boxd.it/29ho,4
2024-09-21,Spider-Man: Into the Spider-Verse,2018,https://boxd.it/azpY,4
2024-09-22,The Lorax,2012,https://boxd.it/2w9M,3
2024-09-22,The Machinist,2004,https://boxd.it/248c,4
2024-09-26,Speak No Evil,2024,https://boxd.it/G9f8,3
2024-09-28,Pawn Sacrifice,2014,https://boxd.it/7dlE,4
2024-10-04,Megan Is Missing,2011,https://boxd.it/sKJG,0.5
2024-10-05,Pi,1998,https://boxd.it/2ajq,5
2024-10-11,Special Day,2018,https://boxd.it/jY8m,1
2024-10-13,Herbie Fully Loaded,2005,https://boxd.it/1TP0,2
2024-10-15,Senna,2010,https://boxd.it/kfE,5
2024-10-18,Smile 2,2024,https://boxd.it/FDA4,3.5
2024-10-19,The 9th Circle,2008,https://boxd.it/4qqm,1.5
2024-10-19,All Hallows' Eve,2013,https://boxd.it/6OdU,1
2024-10-19,Terrifier,2011,https://boxd.it/33N6,2
2024-10-21,It's What's Inside,2024,https://boxd.it/DOV4,3
2024-10-25,Teenage Mutant Ninja Turtles,2014,https://boxd.it/3oAs,2
2024-10-25,Assassin's Creed,2016,https://boxd.it/41IK,1
2024-10-25,The Platform,2019,https://boxd.it/mUm6,3.5
2024-10-25,The Platform 2,2024,https://boxd.it/Gz88,1
2024-10-25,Jennifer's Body,2009,https://boxd.it/1Efw,2.5
2024-10-25,Final Destination,2000,https://boxd.it/1YrC,3
2024-10-25,Terrifier,2016,https://boxd.it/eRzg,2.5
2024-10-26,Attack on Titan The Final Chapters: Special 1,2023,https://boxd.it/JyYy,4
2024-10-31,The Wild Robot,2024,https://boxd.it/IWFy,4
2024-10-31,Bohemian Rhapsody,2018,https://boxd.it/f1TK,3
2024-10-31,12 Years a Slave,2013,https://boxd.it/2D2e,3.5
2024-10-31,I Saw the TV Glow,2024,https://boxd.it/woVe,1.5
2024-10-31,Challengers,2024,https://boxd.it/zld0,3
2024-11-01,First Daughter,2004,https://boxd.it/1P0W,2
2024-11-01,13 Going on 30,2004,https://boxd.it/1X6e,2
2024-11-01,How to Train Your Dragon: The Hidden World,2019,https://boxd.it/5a9w,2
2024-11-01,Ex Machina,2015,https://boxd.it/7T2k,3.5
2024-11-01,May December,2023,https://boxd.it/vEE2,2
2024-11-01,Terrifier 3,2024,https://boxd.it/D8tM,3
2024-11-01,The Cabin in the Woods,2011,https://boxd.it/1zOc,3
2024-11-03,Friends with Benefits,2011,https://boxd.it/DoK,2.5
2024-11-03,Monica's Gang in an Adventure in Time,2007,https://boxd.it/C4k,3.5
2024-11-04,The Pool,2018,https://boxd.it/k6bS,0.5
2024-11-11,Gladiator,2000,https://boxd.it/2b9m,4.5
2024-11-18,Black Panther,2018,https://boxd.it/8MHs,3.5
2024-11-23,Cloudy with a Chance of Meatballs 2,2013,https://boxd.it/3GMw,2
2024-11-23,Cloudy with a Chance of Meatballs,2009,https://boxd.it/1A40,2.5
2024-11-23,Space Jam,1996,https://boxd.it/26YO,3
2024-11-23,Bambi,1942,https://boxd.it/25AQ,3
2024-11-23,Happy Feet,2006,https://boxd.it/1XH0,2
2024-11-23,The Jungle Book,1967,https://boxd.it/1YY2,3
2024-11-23,Flushed Away,2006,https://boxd.it/1Tpm,1.5
2024-11-23,Stuart Little,1999,https://boxd.it/1WZW,2
2024-12-10,Wild Tales,2014,https://boxd.it/7UmK,4
2024-12-11,Front of the Class,2008,https://boxd.it/9s8,3.5
2024-12-16,Storks,2016,https://boxd.it/aUo8,2
2024-12-17,Before Sunrise,1995,https://boxd.it/2bcU,4
2024-12-28,Trap,2024,https://boxd.it/D4nK,2
2024-12-29,Creed,2015,https://boxd.it/a2qk,3.5
2024-12-29,To All the Boys I've Loved Before,2018,https://boxd.it/gHec,2
2024-12-30,Tomb Raider,2018,https://boxd.it/bgbA,2
2025-01-01,Miss Peregrine's Home for Peculiar Children,2016,https://boxd.it/8KPu,2
2025-01-01,GoodFellas,1990,https://boxd.it/29FA,4.5
2025-01-04,Zodiac,2007,https://boxd.it/27MO,5
2025-01-04,The Day After Tomorrow,2004,https://boxd.it/2aog,2
2025-01-04,Joker,2019,https://boxd.it/h4cS,4
2025-01-04,Logan,2017,https://boxd.it/7Piy,4
2025-01-04,The Theory of Everything,2014,https://boxd.it/7YtA,4
2025-01-04,Inside Bill's Brain: Decoding Bill Gates,2019,https://boxd.it/nsLa,4
2025-01-05,Sweet Girl,2021,https://boxd.it/mUwK,1
2025-01-06,Amateur,2018,https://boxd.it/iFKu,0.5
2025-01-07,The Witch,2015,https://boxd.it/9X0m,4.5
2025-01-07,The Lighthouse,2019,https://boxd.it/icFU,4
2025-01-08,Fall,2022,https://boxd.it/Bf6G,1.5
2025-01-08,Burning,2018,https://boxd.it/hHUa,4
2025-01-10,Monster,2023,https://boxd.it/DJEM,4.5
2025-01-10,The Chaser,2008,https://boxd.it/1PgU,4
2025-01-11,The Black Phone,2021,https://boxd.it/sqFE,3
2025-01-11,Grave of the Fireflies,1988,https://boxd.it/1RUM,4.5
2025-01-12,Look Back,2024,https://boxd.it/LjA6,3
2025-01-12,Decision to Leave,2022,https://boxd.it/qp9e,3.5
2025-01-12,12 Angry Men,1957,https://boxd.it/2auI,5
2025-01-14,La Haine,1995,https://boxd.it/2as8,4
2025-01-15,Rush,2013,https://boxd.it/3lyS,4
2025-01-16,Hellboy,2004,https://boxd.it/28HK,3
2025-01-16,Poor Things,2023,https://boxd.it/tNWU,4
2025-01-18,The Whale,2022,https://boxd.it/tw4c,4.5
2025-01-18,Speak No Evil,2022,https://boxd.it/vqlg,2
2025-01-18,Requiem for a Dream,2000,https://boxd.it/29VI,4.5
2025-01-18,The Human Centipede (First Sequence),2009,https://boxd.it/18Tu,0.5
2025-01-19,Lady Bird,2017,https://boxd.it/dGNE,2.5
2025-01-21,Megalopolis,2024,https://boxd.it/lPBS,0.5
2025-01-24,Hoodwinked!,2005,https://boxd.it/1UVS,2
2025-01-25,The Northman,2022,https://boxd.it/nK2s,3
2025-01-25,Nosferatu,2024,https://boxd.it/f5eG,3.5
2025-01-29,The Lion King,2019,https://boxd.it/eSjI,2.5
2025-02-05,Finley,2019,https://boxd.it/qfhi,2
2025-02-07,Zombieland,2009,https://boxd.it/1En6,3.5
2025-02-08,Goal!,2005,https://boxd.it/1XRY,3.5
2025-02-10,InAlienable,2008,https://boxd.it/Gyy,0.5
2025-02-10,Hamilton,2020,https://boxd.it/kmvE,4
2025-02-12,Black Mirror: White Christmas,2014,https://boxd.it/B3qu,4
2025-02-13,Black Mirror: Black Museum,2017,https://boxd.it/hRqu,3.5
2025-02-13,Clueless,1995,https://boxd.it/1Ygk,2
2025-02-14,King Kong,2005,https://boxd.it/2aLa,3
2025-02-14,Night at the Museum: Battle of the Smithsonian,2009,https://boxd.it/1H7U,2.5
2025-02-14,Night at the Museum: Secret of the Tomb,2014,https://boxd.it/5x3m,2.5
2025-02-15,Rogue One: A Star Wars Story,2016,https://boxd.it/aPvy,3.5
2025-02-16,Other Side of the Box,2018,https://boxd.it/lXsa,1.5
2025-02-17,Cure,1997,https://boxd.it/1blA,3
2025-02-18,Attack on Titan,2015,https://boxd.it/9mIc,2.5
2025-02-18,Attack on Titan II: End of the World,2015,https://boxd.it/bk0Q,2
2025-02-18,Attack on Titan: THE LAST ATTACK,2024,https://boxd.it/PgDE,4
2025-02-18,Hacksaw Ridge,2016,https://boxd.it/azew,4
2025-02-19,The Exorcist,1973,https://boxd.it/1Yoo,4.5
2025-02-19,Shaun of the Dead,2004,https://boxd.it/29J8,4
2025-02-22,Good Will Hunting,1997,https://boxd.it/2ahY,5
2025-02-23,16 Wishes,2010,https://boxd.it/12eU,2.5
2025-02-23,Radio Rebel,2012,https://boxd.it/39mq,2.5
2025-02-23,Muppets Most Wanted,2014,https://boxd.it/4Cti,1.5
2025-02-23,The Soul Eater,2024,https://boxd.it/F2hu,1
2025-02-27,La La Land,2016,https://boxd.it/a5fa,4
2025-02-27,Her,2013,https://boxd.it/4O24,3
2025-02-28,Flow,2024,https://boxd.it/v1Ei,3.5
2025-03-01,Elton John: Never Too Late,2024,https://boxd.it/AUD0,2.5
2025-03-01,Harry Potter and the Goblet of Fire,2005,https://boxd.it/29Qo,4
2025-03-05,Juror #2,2024,https://boxd.it/FRwU,3
2025-03-07,Poison,2023,https://boxd.it/Is7Q,3.5
2025-03-07,ATM,2012,https://boxd.it/3aeM,1
2025-03-07,The Rat Catcher,2023,https://boxd.it/Is8a,3
2025-03-07,The Ten Commandments: The Movie,2016,https://boxd.it/cVHO,1
2025-03-08,Mickey 17,2025,https://boxd.it/q1Dk,3.5
2025-03-10,Pirates of the Caribbean: At World's End,2007,https://boxd.it/2aGu,3.5
2025-03-10,Pirates of the Caribbean: On Stranger Tides,2011,https://boxd.it/27Z4,3
2025-03-14,El Camino: A Breaking Bad Movie,2019,https://boxd.it/kv0q,3.5
2025-03-16,BlacKkKlansman,2018,https://boxd.it/hxL8,4
2025-03-21,Green Lantern,2011,https://boxd.it/QN4,1
2025-03-30,Reflections of a Blender,2010,https://boxd.it/4YgA,4.5
2025-04-07,Final Destination 2,2003,https://boxd.it/1YSS,2
2025-04-08,The Flash,2023,https://boxd.it/9twC,1.5
2025-04-26,Black Mirror: Bandersnatch,2018,https://boxd.it/kTDG,3.5
2025-05-04,Deadpool & Wolverine,2024,https://boxd.it/jq8s,3
2025-05-12,Scary Movie 3,2003,https://boxd.it/24Be,1.5
2025-05-17,Uncut Gems,2019,https://boxd.it/gXGc,3.5
2025-05-24,Fear Street: Prom Queen,2025,https://boxd.it/BQVc,0.5
2025-06-01,WHAT DID JACK DO?,2017,https://boxd.it/jcWe,4
2025-06-07,Billy Madison,1995,https://boxd.it/1UQI,2
2025-06-08,Mission: Impossible – Dead Reckoning,2023,https://boxd.it/l7zS,2.5
2025-06-14,O Rei do Cagaço,1977,https://boxd.it/bau2,0.5
2025-06-15,Saw: Rebirth,2005,https://boxd.it/5dPK,3
2025-06-25,28 Days Later,2002,https://boxd.it/2aXU,4
2025-06-25,28 Weeks Later,2007,https://boxd.it/28Bi,1.5
2025-06-27,Socrates,1971,https://boxd.it/2yWm,3.5
2025-06-27,Curious George,2006,https://boxd.it/1Xos,0.5
2025-06-29,A Charlie Brown Valentine,2002,https://boxd.it/1qk8,2
2025-07-02,Antichrist,2009,https://boxd.it/1Inu,4
2025-07-04,The House That Jack Built,2018,https://boxd.it/dWO4,4.5
2025-07-04,Oblivion,2013,https://boxd.it/2Bzq,2
2025-07-05,Sinners,2025,https://boxd.it/KQMM,4
2025-07-07,Jurassic Park III,2001,https://boxd.it/2azI,3
2025-07-11,Back to the Future,1985,https://boxd.it/2b8e,4
2025-07-11,Source Code,2011,https://boxd.it/fdo,3.5
2025-07-16,Perfect Days,2023,https://boxd.it/ATh8,5
2025-07-16,Spider-Man 3,2007,https://boxd.it/2a7Y,3
2025-07-17,Iron Man,2008,https://boxd.it/28dA,3
2025-07-17,Incredibles 2,2018,https://boxd.it/7IPg,2
2025-07-17,The Amazing Spider-Man,2012,https://boxd.it/27PI,3.5
2025-07-17,Aquaman,2018,https://boxd.it/9ru0,2
2025-07-17,Captain Marvel,2019,https://boxd.it/9vSA,2.5
2025-07-17,Batman v Superman: Dawn of Justice,2016,https://boxd.it/6fBW,1.5
2025-07-17,Ghost Rider: Spirit of Vengeance,2011,https://boxd.it/2qne,1.5
2025-07-17,A Nonsense Christmas with Sabrina Carpenter,2024,https://boxd.it/QkR8,3.5
2025-07-18,The Hateful Eight,2015,https://boxd.it/8gw8,4.5
2025-07-19,Prisoners,2013,https://boxd.it/4E5i,4
2025-07-19,The Guilty,2021,https://boxd.it/kOPW,3
2025-07-19,The Godfather,1972,https://boxd.it/2aNK,5
2025-07-20,One Day,2011,https://boxd.it/Asu,4
2025-07-21,Jurassic World,2015,https://boxd.it/4n0g,2.5
2025-07-21,The Ant Bully,2006,https://boxd.it/1XyM,0.5
2025-07-22,Indiana Jones and the Temple of Doom,1984,https://boxd.it/2bb8,3.5
2025-07-22,Detachment,2011,https://boxd.it/2BiY,4
2025-07-22,The Pianist,2002,https://boxd.it/2aqc,4.5
2025-07-23,The Texas Chain Saw Massacre,1974,https://boxd.it/1lcS,3
2025-07-23,Asteroid City,2023,https://boxd.it/s3ds,2.5
2025-07-24,The Swan,2023,https://boxd.it/Is80,3
2025-07-24,Black Adam,2022,https://boxd.it/fup0,1.5
2025-07-24,The Cloverfield Paradox,2018,https://boxd.it/doVA,1
2025-07-24,A Quiet Place Part II,2020,https://boxd.it/iTx0,3
2025-07-25,Man of Steel,2013,https://boxd.it/FRk,2.5
2025-07-25,The Avengers,2012,https://boxd.it/1xFW,3
2025-07-25,Iron Man 3,2013,https://boxd.it/2cBQ,2.5
2025-07-25,Spider-Man: Far From Home,2019,https://boxd.it/fegG,2
2025-07-25,Shazam!,2019,https://boxd.it/8WBu,2
2025-07-25,Ghost Rider,2007,https://boxd.it/290M,1.5
2025-07-25,Fantastic Four,2005,https://boxd.it/1XVw,1.5
2025-07-25,Eternals,2021,https://boxd.it/j36o,1
2025-07-25,The Dark Knight,2008,https://boxd.it/2b0k,5
2025-07-25,The Godfather Part II,1974,https://boxd.it/2aNq,5
2025-07-26,The Batman,2022,https://boxd.it/eDGs,5
2025-07-26,I Want to Eat Your Pancreas,2018,https://boxd.it/ie6C,4
2025-07-27,Four Weddings and a Funeral,1994,https://boxd.it/29KA,2.5
2025-07-28,Bring Her Back,2025,https://boxd.it/Hxlc,4
2025-07-28,300,2006,https://boxd.it/28XI,3
2025-07-28,Legend of the Guardians: The Owls of Ga'Hoole,2010,https://boxd.it/ZUy,2
2025-08-02,The Killer,2023,https://boxd.it/u6WE,3.5
2025-08-02,Winnie the Pooh,2011,https://boxd.it/C0C,4
2025-08-02,Pooh's Heffalump Movie,2005,https://boxd.it/1PDE,3.5
2025-08-04,The Lego Batman Movie,2017,https://boxd.it/azp0,3.5
2025-08-05,Spider-Man 2,2004,https://boxd.it/2a88,4
2025-08-05,Guardians of the Galaxy Vol. 2,2017,https://boxd.it/8MxC,3
2025-08-05,Guardians of the Galaxy,2014,https://boxd.it/3VH2,3.5
2025-08-06,The Ugly Duckling,1997,https://boxd.it/c8R6,3.5
2025-08-06,Captain America: Civil War,2016,https://boxd.it/89Ja,3.5
2025-08-06,The Departed,2006,https://boxd.it/28MA,4.5
2025-08-06,V/H/S/2,2013,https://boxd.it/4Ysw,2.5
2025-08-08,Your Name.,2016,https://boxd.it/cUqs,3.5
2025-08-08,Kill Bill: Vol. 1,2003,https://boxd.it/70w,4.5
2025-08-10,War of the Worlds,2025,https://boxd.it/so0a,0.5
2025-08-10,X-Men: Days of Future Past,2014,https://boxd.it/4aRw,3.5
2025-08-11,Teen Titans Go! To the Movies,2018,https://boxd.it/h13o,2.5
2025-08-11,Anyone But You,2023,https://boxd.it/EzA8,3
2025-08-12,Modern Times,1936,https://boxd.it/25MC,4
2025-08-12,Indiana Jones and the Last Crusade,1989,https://boxd.it/2baO,3.5
2025-08-12,Weapons,2025,https://boxd.it/EMTM,4
2025-08-12,The Great Dictator,1940,https://boxd.it/29ic,4
2025-08-12,Nightcrawler,2014,https://boxd.it/780m,4
2025-08-13,Taxi Driver,1976,https://boxd.it/2b8y,4
2025-08-13,Superman Returns,2006,https://boxd.it/28J2,2
2025-08-14,Batman: Under the Red Hood,2010,https://boxd.it/11eE,4
2025-08-14,Batman & Mr. Freeze: SubZero,1998,https://boxd.it/1Luo,4
2025-08-15,Batman Beyond: Return of the Joker,2000,https://boxd.it/1KwS,3.5
2025-08-15,"Batman: The Long Halloween, Part Two",2021,https://boxd.it/rCI4,3.5
2025-08-15,"Batman: The Long Halloween, Part One",2021,https://boxd.it/rCIe,3
2025-08-15,"Batman: The Dark Knight Returns, Part 1",2012,https://boxd.it/43Is,3.5
2025-08-15,Batman: Hush,2019,https://boxd.it/jyDI,3.5
2025-08-15,Reign of the Supermen,2019,https://boxd.it/hyrI,1.5
2025-08-15,Batman: Mystery of the Batwoman,2003,https://boxd.it/1BwO,3
2025-08-16,"Batman: The Dark Knight Returns, Part 2",2013,https://boxd.it/4xzg,3.5
2025-08-17,The Death of Superman,2018,https://boxd.it/hyjk,3.5
2025-08-18,The Incredible Hulk,2008,https://boxd.it/28dU,2
2025-08-19,Paddington 2,2017,https://boxd.it/bCF8,3.5
2025-08-19,Mission: Impossible,1996,https://boxd.it/29d2,3.5
2025-08-19,The Mist,2007,https://boxd.it/22r2,3.5
2025-08-19,Avatar: The Way of Water,2022,https://boxd.it/2E2E,3
2025-08-19,Night at the Museum,2006,https://boxd.it/28wi,3
2025-08-19,Brave,2012,https://boxd.it/bVG,2.5
2025-08-19,Toy Story 4,2019,https://boxd.it/9ALu,2
2025-08-19,"The Chronicles of Narnia: The Lion, the Witch and the Wardrobe",2005,https://boxd.it/2ark,2.5
2025-08-19,Chicken Run,2000,https://boxd.it/20Xg,2.5
2025-08-19,Johnny English,2003,https://boxd.it/1YyI,3
2025-08-19,The Matrix,1999,https://boxd.it/2a1m,4.5
2025-08-21,Melancholia,2011,https://boxd.it/bPI,4
2025-08-22,Superman,1978,https://boxd.it/27Qm,3.5
2025-08-26,Full Metal Jacket,1987,https://boxd.it/2a1Q,4.5
2025-08-28,Nobody,2021,https://boxd.it/mLqS,3.5
2025-09-02,Dune,2021,https://boxd.it/fA7G,4
2025-09-02,Barbie,2023,https://boxd.it/bCLK,3
2025-09-02,Batman vs. Two-Face,2017,https://boxd.it/gDKe,1.5
2025-09-02,Son of Batman,2014,https://boxd.it/7mQm,2.5
2025-09-02,Batman vs. Robin,2015,https://boxd.it/aqNs,3
2025-09-03,Chungking Express,1994,https://boxd.it/1UDa,4
2025-09-03,Stalker,1979,https://boxd.it/28PO,5
2025-09-04,Scooby-Doo,2002,https://boxd.it/1YaQ,3
2025-09-04,Scooby-Doo 2: Monsters Unleashed,2004,https://boxd.it/1UPA,2.5
2025-09-05,OLIVIA RODRIGO: driving home 2 u (a SOUR film),2022,https://boxd.it/zrig,4
2025-09-07,Come and See,1985,https://boxd.it/1w9q,5
2025-09-11,Jurassic World Rebirth,2025,https://boxd.it/KUeE,2
2025-09-11,Longlegs,2024,https://boxd.it/KzLM,2
2025-09-11,Night of the Hunted,2023,https://boxd.it/HSFs,1.5
2025-09-12,Batman: Year One,2011,https://boxd.it/2vf0,3.5
2025-09-14,Batman: The Killing Joke,2016,https://boxd.it/djxe,1.5
2025-09-16,Vertigo,1958,https://boxd.it/2apI,5
2025-09-20,The Boy in the Striped Pyjamas,2008,https://boxd.it/1NOK,1.5
2025-09-23,Ghostbusters: Afterlife,2021,https://boxd.it/f4Pw,2.5
2025-09-25,Saltburn,2023,https://boxd.it/z4eg,3.5
2025-09-25,The Favourite,2018,https://boxd.it/d2hI,4
2025-09-27,Titanic,1997,https://boxd.it/2a2k,4
2025-09-29,Smile,2022,https://boxd.it/xjfE,2.5
2025-09-29,The Ridiculous 6,2015,https://boxd.it/bFXk,2
2025-09-30,The Adventures of Sharkboy and Lavagirl,2005,https://boxd.it/1Ozm,2
2025-10-01,The Iron Claw,2023,https://boxd.it/w5Pm,4
2025-10-01,Baywatch,2017,https://boxd.it/biG6,2
2025-10-01,The Substance,2024,https://boxd.it/zanS,4
2025-10-01,Split,2016,https://boxd.it/dgSy,4
2025-10-01,Soul,2020,https://boxd.it/ioLA,3.5
2025-10-01,Guardians of the Galaxy Vol. 3,2023,https://boxd.it/fVNI,3.5
2025-10-01,Ocean's Eleven,2001,https://boxd.it/2aZm,3.5
2025-10-01,Blue Valentine,2010,https://boxd.it/MxG,3.5
2025-10-01,The Wonderful Story of Henry Sugar,2023,https://boxd.it/yNyo,3.5
2025-10-01,Lady and the Tramp,1955,https://boxd.it/1Wv8,3.5
2025-10-01,Jurassic Park,1993,https://boxd.it/2aA2,4
2025-10-01,The Sixth Sense,1999,https://boxd.it/29Js,3
2025-10-03,A Clockwork Orange,1971,https://boxd.it/2aVE,4
2025-10-03,Cloverfield,2008,https://boxd.it/2192,3.5
2025-10-05,Triangle,2009,https://boxd.it/1tQG,3.5
2025-10-08,Scary Stories to Tell in the Dark,2019,https://boxd.it/eJTW,2
2025-10-08,Me Before You,2016,https://boxd.it/9n98,3.5
2025-10-08,Jaws,1975,https://boxd.it/2a5e,3.5
2025-10-09,Evil Dead II,1987,https://boxd.it/29Ge,4
2025-10-09,The Evil Dead,1981,https://boxd.it/29Go,3
2025-10-11,Trick 'r Treat,2007,https://boxd.it/1zvE,3
2025-10-12,The Twilight Saga: Eclipse,2010,https://boxd.it/1ytW,1
2025-10-12,Twilight,2008,https://boxd.it/1Zui,3.5
2025-10-14,Sausage Party,2016,https://boxd.it/6CCe,3
2025-10-14,Scream,1996,https://boxd.it/24EC,3.5
2025-10-15,Dawn of the Dead,1978,https://boxd.it/29gU,3.5
2025-10-16,Scary Movie 2,2001,https://boxd.it/24Cw,1
2025-10-17,House of Wax,2005,https://boxd.it/1XaU,3
2025-10-18,Singin' in the Rain,1952,https://boxd.it/29oY,4
2025-10-20,Mother,2009,https://boxd.it/1m9g,3.5
2025-10-20,The Host,2006,https://boxd.it/28ZY,3
2025-10-21,The Strange Thing About the Johnsons,2011,https://boxd.it/56nO,0.5
2025-10-25,Constantine,2005,https://boxd.it/2a7E,3.5
2025-10-27,A Film by Kirk,2002,https://boxd.it/OndG,3.5
2025-10-30,Xuxinha and Guto Against the Space Monsters,2005,https://boxd.it/2qlM,3
2025-10-30,The Human Centipede 2 (Full Sequence),2011,https://boxd.it/2yqg,1
2025-10-30,A Dog's Will,2000,https://boxd.it/12u4,4.5
2025-11-03,The Secret Agent,2025,https://boxd.it/KkUE,4.5
2025-11-03,28 Years Later,2025,https://boxd.it/FEGM,3
2025-11-03,Companion,2025,https://boxd.it/F04o,3
2025-11-05,Heathers,1989,https://boxd.it/26x4,2.5
2025-11-05,Mufasa: The Lion King,2024,https://boxd.it/sE9C,3.5
2025-11-05,Blink Twice,2024,https://boxd.it/vIOg,3
2025-11-05,Big Time Movie,2012,https://boxd.it/3k8u,2.5
2025-11-08,Batman,1989,https://boxd.it/2aIU,3.5
2025-11-08,"Oh, Hi!",2025,https://boxd.it/PLns,3
2025-11-12,The Twilight Saga: New Moon,2009,https://boxd.it/1Hj2,1
2025-11-14,Batman Returns,1992,https://boxd.it/2awa,3
2025-11-14,Guillermo del Toro's Pinocchio,2022,https://boxd.it/kjMW,4
2025-11-15,Dune: Part Two,2024,https://boxd.it/pUfA,4.5
2025-11-16,The Usual Suspects,1995,https://boxd.it/29XE,3.5
2025-11-16,Memories of Murder,2003,https://boxd.it/1TSo,4
2025-11-17,Predator,1987,https://boxd.it/2b84,3
2025-11-18,The Shape of Water,2017,https://boxd.it/dZ5m,3.5
2025-11-18,Into the Wild,2007,https://boxd.it/22m2,3.5
2025-11-21,A Better Tomorrow,1986,https://boxd.it/1TLW,3
2025-11-21,It Chapter Two,2019,https://boxd.it/h10u,1.5
2025-11-22,Brothers,2009,https://boxd.it/20WW,3.5
2025-11-22,The Many Adventures of Winnie the Pooh,1977,https://boxd.it/7l0Y,3.5
2025-11-22,Piranha,1978,https://boxd.it/1wTI,2.5
2025-11-25,Superbad,2007,https://boxd.it/20hO,3.5
2025-11-26,Demon Slayer -Kimetsu no Yaiba- The Movie: Mugen Train,2020,https://boxd.it/nyLU,3
2025-11-30,Ready Player One,2018,https://boxd.it/aZes,3
2025-12-01,The Blair Witch Project,1999,https://boxd.it/26ua,3.5
2025-12-06,Five Nights at Freddy's 2,2025,https://boxd.it/KEvY,0.5
2025-12-10,The Devil's Advocate,1997,https://boxd.it/286k,4
2025-12-10,Five Nights at Freddy's,2023,https://boxd.it/ikHu,1
2025-12-10,The Terminator,1984,https://boxd.it/2aQY,3.5
2025-12-11,Dunkirk,2017,https://boxd.it/d0Y6,3.5
2025-12-16,Terminator 2: Judgment Day,1991,https://boxd.it/2aGY,4.5
2025-12-16,A Real Pain,2024,https://boxd.it/CjNG,3.5
2025-12-16,A Complete Unknown,2024,https://boxd.it/oBYa,3.5
2025-12-16,A Silent Voice: The Movie,2016,https://boxd.it/d99c,3.5
2025-12-16,In the Mood for Love,2000,https://boxd.it/29tE,4
2025-12-16,Beauty and the Beast,2017,https://boxd.it/ar0c,3
2025-12-16,Descendants,2015,https://boxd.it/8rMm,2.5
2025-12-16,Barbie as Rapunzel,2002,https://boxd.it/1MZW,2.5
2025-12-16,The Hunger Games: Catching Fire,2013,https://boxd.it/3sAw,3.5
2025-12-16,Coco,2017,https://boxd.it/bYJQ,3
2025-12-18,The Skin I Live In,2011,https://boxd.it/99A,3.5
2025-12-19,Incendies,2010,https://boxd.it/Msm,3.5
2025-12-21,Red One,2024,https://boxd.it/vTBM,1.5
2025-12-21,Home Alone,1990,https://boxd.it/29Fg,4
2025-12-25,Predator: Badlands,2025,https://boxd.it/LeK6,3
2025-12-26,Nymphomaniac: Vol. I,2013,https://boxd.it/7DiG,3
2025-12-27,Death on the Nile,2022,https://boxd.it/ifpg,2.5
2025-12-27,Wake Up Dead Man,2025,https://boxd.it/uAKS,3.5
2025-12-27,The Grand Budapest Hotel,2014,https://boxd.it/3ZqO,3.5
2025-12-27,Beautiful Boy,2018,https://boxd.it/g76Q,4.5
2025-12-27,Yi Yi,2000,https://boxd.it/1vCw,4.5
2025-12-29,Batman and Harley Quinn,2017,https://boxd.it/eo2C,1.5
2025-12-29,The Butterfly Effect,2004,https://boxd.it/27M0,4
2025-12-30,Booksmart,2019,https://boxd.it/igNS,1.5
2025-12-30,Wonder Woman,2017,https://boxd.it/9roG,2
2025-12-30,Happy Gilmore,1996,https://boxd.it/1Yey,2
2025-12-30,Transformers,2007,https://boxd.it/280c,2
2025-12-30,Pacific Rim,2013,https://boxd.it/2cB2,2
2025-12-30,Bolt,2008,https://boxd.it/1QXg,1.5
2025-12-30,Confessions of a Shopaholic,2009,https://boxd.it/1E9e,2
2025-12-30,Bridget Jones's Diary,2001,https://boxd.it/29WQ,2
2025-12-31,Solaris,1972,https://boxd.it/2a2Y,4.5
2025-12-31,The Long Walk,2025,https://boxd.it/mic8,2.5
2026-01-01,The Elephant Man,1980,https://boxd.it/27LQ,5
2026-01-02,Stranger Things 5: The Finale,2025,https://boxd.it/YqXW,1.5
2026-01-02,Olivia Rodrigo: GUTS World Tour,2024,https://boxd.it/QyZK,4
2026-01-02,Inception,2010,https://boxd.it/1skk,4
2026-01-02,Percy Jackson: Sea of Monsters,2013,https://boxd.it/2D8m,1
2026-01-02,Mirror,1975,https://boxd.it/28Q8,5
2026-01-03,Inglourious Basterds,2009,https://boxd.it/1JzG,4.5
2026-01-03,Elite Squad,2007,https://boxd.it/20YI,4
2026-01-04,Anora,2024,https://boxd.it/Egcw,3.5
2026-01-04,Minority Report,2002,https://boxd.it/2aWi,3.5
2026-01-05,Avatar: Fire and Ash,2025,https://boxd.it/2W7s,3
2026-01-05,The Hunger Games: Mockingjay – Part 1,2014,https://boxd.it/4hka,3
2026-01-05,Oculus,2013,https://boxd.it/4W9M,3
2026-01-05,Downfalls High,2021,https://boxd.it/sb2s,3
2026-01-05,Mainstream Sellout Live From Cleveland: The Pink Era,2023,https://boxd.it/G1aY,3
2026-01-05,Mamma Mia! Here We Go Again,2018,https://boxd.it/gnfO,3
2026-01-05,Real Steel,2011,https://boxd.it/147m,3
2026-01-05,Hotarubi no Mori e,2011,https://boxd.it/3euO,3
2026-01-05,Nimic,2019,https://boxd.it/n10Q,3
2026-01-05,The Blackening,2022,https://boxd.it/C6VM,3.5
2026-01-05,Incantation,2022,https://boxd.it/wFiI,3.5
2026-01-05,Justice League: The Flashpoint Paradox,2013,https://boxd.it/5yWW,3.5
2026-01-05,All Too Well: The Short Film,2021,https://boxd.it/xTmc,3.5
2026-01-05,Like Stars on Earth,2007,https://boxd.it/20SA,2.5
2026-01-05,The Babysitter,2017,https://boxd.it/eP1w,2.5
2026-01-05,The Mitchells vs. the Machines,2021,https://boxd.it/i7xm,2.5
2026-01-05,"I, Tonya",2017,https://boxd.it/dzR0,2.5
2026-01-05,Grave Encounters,2011,https://boxd.it/D1G,3.5
2026-01-05,Die My Love,2025,https://boxd.it/D5cI,2.5
2026-01-05,Caught Stealing,2025,https://boxd.it/LnyS,3
2026-01-06,"Step Aside, I'm the King of Capital",2025,https://boxd.it/ZBvG,0.5
2026-01-06,Divergent,2014,https://boxd.it/4VT0,3
2026-01-07,The Lobster,2015,https://boxd.it/7tnw,3.5
2026-01-07,The Killing of a Sacred Deer,2017,https://boxd.it/dZ5G,2
2026-01-08,Tenet,2020,https://boxd.it/leq4,3
2026-01-08,Death Proof,2007,https://boxd.it/27GG,3
2026-01-09,Bugonia,2025,https://boxd.it/qeWY,3.5
2026-01-10,Insomnia,2002,https://boxd.it/2aB0,3
2026-01-10,The Seventh Seal,1957,https://boxd.it/2ahO,5
2026-01-11,The Imitation Game,2014,https://boxd.it/6aig,4.5
2026-01-11,No Other Choice,2025,https://boxd.it/nKiA,4
2026-01-13,Shutter Island,2010,https://boxd.it/1U82,4
2026-01-13,Once Upon a Time... in Hollywood,2019,https://boxd.it/gH0O,4
2026-01-13,[REC]²,2009,https://boxd.it/1VH8,2.5
2026-01-16,Marty Supreme,2025,https://boxd.it/Off0,4.5
2026-01-21,Sinister,2012,https://boxd.it/2TnW,3.5
2026-01-21,Saw X,2023,https://boxd.it/zUWk,3.5
2026-01-22,It Was Just an Accident,2025,https://boxd.it/TX2k,3.5
2026-01-22,Interstellar,2014,https://boxd.it/4VZ8,4.5
2026-01-22,Inside Out 2,2024,https://boxd.it/CFrC,3
2026-01-22,The Twilight Saga: Breaking Dawn – Part 1,2011,https://boxd.it/DdM,1
2026-01-22,The Twilight Saga: Breaking Dawn – Part 2,2012,https://boxd.it/DdC,2.5
2026-01-22,Barbarian,2022,https://boxd.it/yohi,3.5
2026-01-22,Saw,2004,https://boxd.it/2aWW,4.5
2026-01-22,Elite Squad: The Enemy Within,2010,https://boxd.it/Jx4,4.5
2026-01-23,Frankenstein,2025,https://boxd.it/Ecsg,3.5
2026-01-23,Good Time,2017,https://boxd.it/fcFu,3.5
2026-01-24,The Hobbit: An Unexpected Journey,2012,https://boxd.it/GZk,3.5
2026-01-24,The Hobbit: The Desolation of Smaug,2013,https://boxd.it/nmS,3
2026-01-24,The Hobbit: The Battle of the Five Armies,2014,https://boxd.it/43aU,3
2026-01-24,Star Wars: The Force Awakens,2015,https://boxd.it/4vru,2.5
2026-01-24,Star Wars: The Last Jedi,2017,https://boxd.it/5xme,3.5
2026-01-24,Star Wars: The Rise of Skywalker,2019,https://boxd.it/5xlK,1.5
2026-01-25,Conclave,2024,https://boxd.it/AO8q,4
2026-01-25,The Brutalist,2024,https://boxd.it/k4BO,5
2026-01-25,High and Low,1963,https://boxd.it/1RSc,4.5
2026-01-25,The Lord of the Rings: The Two Towers,2002,https://boxd.it/2b5E,4.5
2026-01-25,The Lord of the Rings: The Fellowship of the Ring,2001,https://boxd.it/2b5O,4
2026-01-26,We Need to Talk About Kevin,2011,https://boxd.it/2pTS,3.5
2026-01-26,Steve,2025,https://boxd.it/LekC,3
2026-01-26,Eternal Sunshine of the Spotless Mind,2004,https://boxd.it/6YK,3.5
2026-01-26,One Battle After Another,2025,https://boxd.it/DUHM,4
2026-01-26,Batman Begins,2005,https://boxd.it/2aIg,3.5
2026-01-26,The Dark Knight Rises,2012,https://boxd.it/H3m,4
2026-01-26,Captain America: The Winter Soldier,2014,https://boxd.it/3r58,3.5
2026-01-26,Harry Potter and the Deathly Hallows: Part 1,2010,https://boxd.it/1RYu,3.5
2026-01-26,Batman: Mask of the Phantasm,1993,https://boxd.it/1N6S,4
2026-01-26,Justice League: Doom,2012,https://boxd.it/2DVe,3.5
2026-01-26,Superman,2025,https://boxd.it/E9IU,3.5
2026-01-26,Raiders of the Lost Ark,1981,https://boxd.it/2bbs,4
2026-01-26,The Adventures of Tintin,2011,https://boxd.it/1Irc,2.5
2026-01-26,Train Dreams,2025,https://boxd.it/LdDo,3.5
2026-01-26,F1,2025,https://boxd.it/yjVM,3
2026-01-27,The Mortal Instruments: City of Bones,2013,https://boxd.it/44va,2
2026-01-27,Lost and Found,1996,https://boxd.it/3Vt0,4
2026-01-27,The Wrestler,2008,https://boxd.it/1So8,3.5
2026-01-27,Avengers: Endgame,2019,https://boxd.it/9vE4,3.5
2026-01-27,Avengers: Infinity War,2018,https://boxd.it/9vEe,3.5
2026-01-27,Spider-Man,2002,https://boxd.it/2a8i,3.5
2026-01-27,People We Meet on Vacation,2026,https://boxd.it/D8ME,1.5
2026-01-27,The Fly,1986,https://boxd.it/1YIe,3.5
2026-01-28,Everything Everywhere All at Once,2022,https://boxd.it/jUk4,3.5
2026-01-28,Gone Girl,2014,https://boxd.it/6hQu,4
2026-01-28,Barry Lyndon,1975,https://boxd.it/25A2,5
2026-01-28,Harry Potter and the Prisoner of Azkaban,2004,https://boxd.it/29Qy,4
2026-01-28,Harry Potter and the Chamber of Secrets,2002,https://boxd.it/29QI,3.5
2026-01-28,Autumn Sonata,1978,https://boxd.it/1Rio,4.5
2026-01-28,Coraline,2009,https://boxd.it/1NhQ,4
2026-01-29,No Country for Old Men,2007,https://boxd.it/21ew,4
2026-01-29,"The French Dispatch of the Liberty, Kansas Evening Sun",2021,https://boxd.it/jLP8,3.5
2026-01-29,The Room,2003,https://boxd.it/1ICY,0.5
2026-01-29,Corpse Bride,2005,https://boxd.it/24WQ,3.5
2026-01-29,28 Years Later: The Bone Temple,2026,https://boxd.it/MwlA,4
2026-01-30,The Batman vs. Dracula,2005,https://boxd.it/1E6u,3
2026-01-30,5 Centimeters per Second,2007,https://boxd.it/16G4,3
2026-01-30,Kingsman: The Secret Service,2014,https://boxd.it/6dxe,3
2026-01-30,Barbie and the Three Musketeers,2009,https://boxd.it/1z4y,2.5
2026-01-30,The Princess and the Frog,2009,https://boxd.it/1WQq,3
2026-01-30,God's Crooked Lines,2022,https://boxd.it/xEUS,2.5
2026-01-30,Mirage,2018,https://boxd.it/jeOm,3
2026-01-30,One Piece Film Red,2022,https://boxd.it/y2b8,2.5
2026-01-30,Fantasia,1940,https://boxd.it/29HG,4
2026-01-30,The Impossible,2012,https://boxd.it/2N9k,3
2026-01-30,Silent Hill,2006,https://boxd.it/2a3C,2.5
2026-01-30,The Unlocking,2022,https://boxd.it/Ebag,2.5
2026-01-30,Jeepers Creepers,2001,https://boxd.it/1ZAg,2.5
2026-01-30,The Da Vinci Code,2006,https://boxd.it/2a3i,2.5
2026-01-30,Chicago,2002,https://boxd.it/28zm,2.5
2026-01-30,Gladiator II,2024,https://boxd.it/kqQQ,2.5
2026-01-30,Surf's Up,2007,https://boxd.it/1YKY,2.5
2026-01-30,Brother Bear,2003,https://boxd.it/1Xjs,3
2026-01-30,The Purge: Anarchy,2014,https://boxd.it/71zk,2.5
2026-01-30,Solo: A Star Wars Story,2018,https://boxd.it/bGWs,2.5
2026-01-30,Hostel: Part II,2007,https://boxd.it/28i6,3.5
2026-01-30,Saw IV,2007,https://boxd.it/29Sa,2
2026-01-30,Grave Encounters 2,2012,https://boxd.it/4lpS,2
2026-01-30,Vivarium,2019,https://boxd.it/gmVE,2.5
2026-01-30,La Llorona,2019,https://boxd.it/mQqe,2.5
2026-01-30,The Cobbler,2014,https://boxd.it/70XA,2.5
2026-01-30,Monsters University,2013,https://boxd.it/bQm,2.5
2026-01-30,Finding Dory,2016,https://boxd.it/4aAA,2.5
2026-01-30,Kung Fu Panda 3,2016,https://boxd.it/4uRQ,2.5
2026-01-30,Life of Pi,2012,https://boxd.it/37pC,2.5
2026-01-30,Rear Window,1954,https://boxd.it/2a6Q,5
2026-01-31,After,2019,https://boxd.it/jBb8,0.5
2026-02-01,Tom Clancy's Without Remorse,2021,https://boxd.it/kNyA,2.5
2026-02-01,Inside Out,2015,https://boxd.it/4KHC,3.5
2026-02-01,The Notebook,2004,https://boxd.it/1UNE,3.5
2026-02-01,The Hunger Games: The Ballad of Songbirds & Snakes,2023,https://boxd.it/pZCY,3.5
2026-02-01,A Quiet Place,2018,https://boxd.it/fVJQ,3.5
2026-02-01,John Wick,2014,https://boxd.it/7dEc,3.5
2026-02-01,The Fall Guy,2024,https://boxd.it/s0Bm,3.5
2026-02-01,Mission: Impossible – Fallout,2018,https://boxd.it/bSVc,3.5
2026-02-01,10 Cloverfield Lane,2016,https://boxd.it/aZiu,3.5
2026-02-01,Bingo: The King of the Mornings,2017,https://boxd.it/fcGs,3.5
2026-02-01,Captains of the World,2023,https://boxd.it/KxRy,3.5
2026-02-01,I Choose to Believe,2023,https://boxd.it/Jerk,3.5
2026-02-02,V for Vendetta,2005,https://boxd.it/29Ik,4
2026-02-02,The Running Man,2025,https://boxd.it/u36A,2.5
2026-02-04,Milk & Serial,2024,https://boxd.it/J2Za,3
2026-02-04,Saw III,2006,https://boxd.it/2aRC,3.5
2026-02-04,We Live in Time,2024,https://boxd.it/FC5u,3.5
2026-02-05,Escape from Alcatraz,1979,https://boxd.it/1Vwk,3.5
2026-02-05,The Housemaid,2025,https://boxd.it/QFEO,2
2026-02-06,The Descent: Part 2,2009,https://boxd.it/1dOO,1.5
2026-02-07,Late Night with the Devil,2023,https://boxd.it/zo6G,3
2026-02-07,The Descent,2005,https://boxd.it/1YNy,3.5
2026-02-07,World War Z,2013,https://boxd.it/2p2E,3.5
2026-02-07,Alien: Covenant,2017,https://boxd.it/49UY,3
2026-02-07,Prometheus,2012,https://boxd.it/2s9e,2.5
2026-02-07,Zombieland: Double Tap,2019,https://boxd.it/bgb6,2.5
2026-02-07,Thanksgiving,2023,https://boxd.it/EviY,3
2026-02-07,X,2022,https://boxd.it/sxVa,2.5
2026-02-07,No One Will Save You,2023,https://boxd.it/uUO6,3
2026-02-07,Eyes Wide Shut,1999,https://boxd.it/2axs,4
2026-02-07,Little Women,2019,https://boxd.it/aSVk,3.5
2026-02-08,V/H/S,2012,https://boxd.it/2Y1c,3
2026-02-08,V/H/S/Halloween,2025,https://boxd.it/QS3Q,2
2026-02-08,Scary Movie,2000,https://boxd.it/24CG,3.5
2026-02-08,Blue Velvet,1986,https://boxd.it/29BI,4.5
2026-02-08,Hymn of Death,2018,https://boxd.it/uSDK,2
2026-02-08,The Intouchables,2011,https://boxd.it/2FT0,3
2026-02-09,Martyrs,2008,https://boxd.it/1Yqu,1
2026-02-10,Twin Peaks: Fire Walk with Me,1992,https://boxd.it/27Qw,5
2026-02-10,Eraserhead,1977,https://boxd.it/299u,4
2026-02-10,Twin Peaks: The Missing Pieces,2014,https://boxd.it/8NH4,3
2026-02-10,Mulholland Drive,2001,https://boxd.it/297o,5
2026-02-11,Pain & Glory,2025,https://boxd.it/ZfH6,1.5
2026-02-11,Watching the Detectives,2007,https://boxd.it/1B3i,3.5
2026-02-11,The Backrooms (Found Footage),2022,https://boxd.it/B0mE,2.5
2026-02-12,Whiplash,2014,https://boxd.it/7bQA,4.5
2026-02-12,Till Luck Do Us: Part 3,2015,https://boxd.it/ayvQ,1.5
2026-02-13,City of God,2002,https://boxd.it/2a2a,4.5
2026-02-13,The Conjuring,2013,https://boxd.it/4sr2,3
2026-02-13,The Conjuring 2,2016,https://boxd.it/7GJg,3
2026-02-13,The Conjuring: The Devil Made Me Do It,2021,https://boxd.it/eXZY,2.5
2026-02-13,The Curse of La Llorona,2019,https://boxd.it/hg0E,1.5
2026-02-13,Annabelle Comes Home,2019,https://boxd.it/iU5m,1.5
2026-02-13,Halloween,1978,https://boxd.it/2wRu,4
2026-02-13,V/H/S/Beyond,2024,https://boxd.it/Jbwc,1.5
2026-02-13,The Fountain,2006,https://boxd.it/28RU,3
2026-02-13,The Perks of Being a Wallflower,2012,https://boxd.it/2ZA8,3
2026-02-14,I'm Still Here,2024,https://boxd.it/BPEO,5
2026-02-14,Jack and Jill,2011,https://boxd.it/2pQu,1
2026-02-14,Scarface,1983,https://boxd.it/2b7g,4
2026-02-15,Wrong Turn,2003,https://boxd.it/1Xzq,1.5
2026-02-15,Stay,2005,https://boxd.it/20BE,3.5
2026-02-16,Wild at Heart,1990,https://boxd.it/2aii,3.5
2026-02-17,Hellraiser,1987,https://boxd.it/1Zpi,3
2026-02-18,Alps,2011,https://boxd.it/2RHg,1
2026-02-18,Kinds of Kindness,2024,https://boxd.it/CWPw,1.5
2026-02-18,The Girl Who Cried Pearls,2025,https://boxd.it/Hbo4,4
2026-02-18,Butterfly,2024,https://boxd.it/KQGE,3
2026-02-18,The Wait,2020,https://boxd.it/vvwy,1.5
2026-02-18,Forevergreen,2025,https://boxd.it/UQs8,3
2026-02-18,Retirement Plan,2024,https://boxd.it/OeIK,3.5
2026-02-18,The Three Sisters,2024,https://boxd.it/NHEg,1
2026-02-18,The Singers,2025,https://boxd.it/TpoG,3
2026-02-19,My Mom Is a Character,2013,https://boxd.it/66ps,2
2026-02-19,Mad God,2021,https://boxd.it/vVPm,3.5
2026-02-19,Heat,1995,https://boxd.it/2bg8,4.5
2026-02-20,Bird Box,2018,https://boxd.it/eh1i,2.5
2026-02-20,All the Empty Rooms,2025,https://boxd.it/WKVi,3.5
2026-02-20,Hamnet,2025,https://boxd.it/woVy,3.5
2026-02-20,Two People Exchanging Saliva,2024,https://boxd.it/PM3e,3.5
2026-02-21,Cold Storage,2026,https://boxd.it/q1FA,2.5
2026-02-22,Pearl,2022,https://boxd.it/zPbe,4
2026-02-23,Fantastic Planet,1973,https://boxd.it/1KnQ,4
2026-02-23,The Worst Person in the World,2021,https://boxd.it/oyws,4
2026-02-23,Sentimental Value,2025,https://boxd.it/GwcG,4
2026-02-24,Funny Games,1997,https://boxd.it/1WKM,4
2026-02-24,The Game,1997,https://boxd.it/26vC,4
2026-02-24,Timecrimes,2007,https://boxd.it/1OGM,4
2026-02-25,Dead Poets Society,1989,https://boxd.it/2aSg,3.5
2026-02-26,Dog Day Afternoon,1975,https://boxd.it/29bg,4.5
2026-02-27,Fake Blonde,2007,https://boxd.it/5eHM,4
2026-02-27,A Haunted House,2013,https://boxd.it/4sOU,2.5
2026-02-27,Noah,2014,https://boxd.it/34QA,3
2026-02-28,Airplane!,1980,https://boxd.it/29yu,3.5
2026-03-01,Army of Darkness,1992,https://boxd.it/29G4,3.5
2026-03-01,Macunaima,1969,https://boxd.it/2dYw,4
2026-03-03,Ready or Not,2019,https://boxd.it/kOf0,3
2026-03-06,Lamb,2021,https://boxd.it/tFwE,3
2026-03-07,Top Gun: Maverick,2022,https://boxd.it/cjr4,4
2026-03-07,Kill Bill: Vol. 2,2004,https://boxd.it/2au4,4
2026-03-07,There Will Be Blood,2007,https://boxd.it/20Z2,4.5
2026-03-08,Journey 2: The Mysterious Island,2012,https://boxd.it/2o8m,1.5
2026-03-08,Rampage,2018,https://boxd.it/f9a4,1.5
2026-03-08,Planet 51,2009,https://boxd.it/1JA0,1
2026-03-08,Green Vinyl,2004,https://boxd.it/5jlw,3.5
2026-03-08,Before Sunset,2004,https://boxd.it/2bcg,3
2026-03-09,Rope,1948,https://boxd.it/28yo,4
2026-03-09,Jumper,2008,https://boxd.it/20ss,2.5
2026-03-09,Romeo and Juliet,1968,https://boxd.it/22cQ,2.5
2026-03-09,Little Italy,2018,https://boxd.it/j1w0,2.5
2026-03-15,Project Hail Mary,2026,https://boxd.it/pEeQ,4.5
2026-03-16,Arrival,2016,https://boxd.it/aNGk,4.5
2026-03-16,Enemy,2013,https://boxd.it/5xtO,4
2026-03-16,Drive,2011,https://boxd.it/IG,4
2026-03-16,Dr. Strangelove or: How I Learned to Stop Worrying and Love the Bomb,1964,https://boxd.it/29eY,4.5
